id,name,videoType,hdUrl,sdUrl,hlsUrl,thumbnail
5395014,"1/2 curl full curl",awss3,https://video.trainerize.com/videos/9662607/ea3ccf50-ce6a-4af2-b964-bc449bec1396/HD.mp4,https://video.trainerize.com/videos/9662607/ea3ccf50-ce6a-4af2-b964-bc449bec1396/SD.mp4,https://video.trainerize.com/videos/9662607/ea3ccf50-ce6a-4af2-b964-bc449bec1396/HLS.m3u8,https://video.trainerize.com/videos/9662607/ea3ccf50-ce6a-4af2-b964-bc449bec1396/HD-00001.jpg
5504419,"2/3 squat",awss3,https://video.trainerize.com/videos/10632169/2db8c459-7ccb-4668-8069-641955362050/HD.mp4,https://video.trainerize.com/videos/10632169/2db8c459-7ccb-4668-8069-641955362050/SD.mp4,https://video.trainerize.com/videos/10632169/2db8c459-7ccb-4668-8069-641955362050/HLS.m3u8,https://video.trainerize.com/videos/10632169/2db8c459-7ccb-4668-8069-641955362050/HD-00001.jpg
5511000,"Abduction squat+ forward+upright+leaned back",awss3,https://video.trainerize.com/videos/10683132/0ff3719e-8eab-4b24-99c9-7033db264fa7/HD.mp4,https://video.trainerize.com/videos/10683132/0ff3719e-8eab-4b24-99c9-7033db264fa7/SD.mp4,https://video.trainerize.com/videos/10683132/0ff3719e-8eab-4b24-99c9-7033db264fa7/HLS.m3u8,https://video.trainerize.com/videos/10683132/0ff3719e-8eab-4b24-99c9-7033db264fa7/HD-00001.jpg
5511136,"Alt cable squat/ cable RDL",awss3,https://video.trainerize.com/videos/10684238/a9de6d2f-bbe2-40a6-9d66-2bd3dfceb4bd/HD.mp4,https://video.trainerize.com/videos/10684238/a9de6d2f-bbe2-40a6-9d66-2bd3dfceb4bd/SD.mp4,https://video.trainerize.com/videos/10684238/a9de6d2f-bbe2-40a6-9d66-2bd3dfceb4bd/HLS.m3u8,https://video.trainerize.com/videos/10684238/a9de6d2f-bbe2-40a6-9d66-2bd3dfceb4bd/HD-00001.jpg
7230521,"Alt DB toe taps",awss3,https://video.trainerize.com/videos/26191830/34592821-bbee-402c-b941-04fed28a33da/HD.mp4,https://video.trainerize.com/videos/26191830/34592821-bbee-402c-b941-04fed28a33da/SD.mp4,https://video.trainerize.com/videos/26191830/34592821-bbee-402c-b941-04fed28a33da/HLS.m3u8,https://video.trainerize.com/videos/26191830/34592821-bbee-402c-b941-04fed28a33da/HD-00001.jpg
7230907,"Alt frontal raises w/ hold",awss3,https://video.trainerize.com/videos/26194006/6c4157f8-24ad-4de3-a025-956472779a55/HD.mp4,https://video.trainerize.com/videos/26194006/6c4157f8-24ad-4de3-a025-956472779a55/SD.mp4,https://video.trainerize.com/videos/26194006/6c4157f8-24ad-4de3-a025-956472779a55/HLS.m3u8,https://video.trainerize.com/videos/26194006/6c4157f8-24ad-4de3-a025-956472779a55/HD-00001.jpg
5504400,"Alt knee to elbow my climbers",awss3,https://video.trainerize.com/videos/10632084/b1706d2a-49e9-4f41-b7ee-5e1e6296dfa7/HD.mp4,https://video.trainerize.com/videos/10632084/b1706d2a-49e9-4f41-b7ee-5e1e6296dfa7/SD.mp4,https://video.trainerize.com/videos/10632084/b1706d2a-49e9-4f41-b7ee-5e1e6296dfa7/HLS.m3u8,https://video.trainerize.com/videos/10632084/b1706d2a-49e9-4f41-b7ee-5e1e6296dfa7/HD-00001.jpg
5486167,"ALT SA SB chest press into bilateral chest press",awss3,https://video.trainerize.com/videos/10457710/926c0a7c-6102-45dd-a98c-94c70105bf62/HD.mp4,https://video.trainerize.com/videos/10457710/926c0a7c-6102-45dd-a98c-94c70105bf62/SD.mp4,https://video.trainerize.com/videos/10457710/926c0a7c-6102-45dd-a98c-94c70105bf62/HLS.m3u8,https://video.trainerize.com/videos/10457710/926c0a7c-6102-45dd-a98c-94c70105bf62/HD-00001.jpg
6397814,"Alt wall knee to elbows",awss3,https://video.trainerize.com/videos/17422446/985599d2-91ce-4902-9f6f-877a725979ea/HD.mp4,https://video.trainerize.com/videos/17422446/985599d2-91ce-4902-9f6f-877a725979ea/SD.mp4,https://video.trainerize.com/videos/17422446/985599d2-91ce-4902-9f6f-877a725979ea/HLS.m3u8,https://video.trainerize.com/videos/17422446/985599d2-91ce-4902-9f6f-877a725979ea/HD-00001.jpg
5503989,"Backwards stair master",awss3,https://video.trainerize.com/videos/10628839/1d11f054-760e-4486-bbea-86ffbdbc22c9/HD.mp4,https://video.trainerize.com/videos/10628839/1d11f054-760e-4486-bbea-86ffbdbc22c9/SD.mp4,https://video.trainerize.com/videos/10628839/1d11f054-760e-4486-bbea-86ffbdbc22c9/HLS.m3u8,https://video.trainerize.com/videos/10628839/1d11f054-760e-4486-bbea-86ffbdbc22c9/HD-00001.jpg
7230690,"Banded 2/3 SB squat followed by banded abduction",awss3,https://video.trainerize.com/videos/26192875/0d20b100-ace3-4461-a819-73233eeddbf7/HD.mp4,https://video.trainerize.com/videos/26192875/0d20b100-ace3-4461-a819-73233eeddbf7/SD.mp4,https://video.trainerize.com/videos/26192875/0d20b100-ace3-4461-a819-73233eeddbf7/HLS.m3u8,https://video.trainerize.com/videos/26192875/0d20b100-ace3-4461-a819-73233eeddbf7/HD-00001.jpg
5395197,"Banded backwards/ forwards shuffle",awss3,https://video.trainerize.com/videos/9663508/a0ea80ef-cdb2-4d3f-a6c8-1ac9f56b0364/HD.mp4,https://video.trainerize.com/videos/9663508/a0ea80ef-cdb2-4d3f-a6c8-1ac9f56b0364/SD.mp4,https://video.trainerize.com/videos/9663508/a0ea80ef-cdb2-4d3f-a6c8-1ac9f56b0364/HLS.m3u8,https://video.trainerize.com/videos/9663508/a0ea80ef-cdb2-4d3f-a6c8-1ac9f56b0364/HD-00001.jpg
6394080,"Banded bent glute kick",awss3,https://video.trainerize.com/videos/17401315/a52a8981-8979-4015-98d5-e38e683d36a1/HD.mp4,https://video.trainerize.com/videos/17401315/a52a8981-8979-4015-98d5-e38e683d36a1/SD.mp4,https://video.trainerize.com/videos/17401315/a52a8981-8979-4015-98d5-e38e683d36a1/HLS.m3u8,https://video.trainerize.com/videos/17401315/a52a8981-8979-4015-98d5-e38e683d36a1/HD-00001.jpg
6394075,"Banded fire hydrant",awss3,https://video.trainerize.com/videos/17401292/c2e68e1d-5be6-4c8e-bba0-0f4ce5191328/HD.mp4,https://video.trainerize.com/videos/17401292/c2e68e1d-5be6-4c8e-bba0-0f4ce5191328/SD.mp4,https://video.trainerize.com/videos/17401292/c2e68e1d-5be6-4c8e-bba0-0f4ce5191328/HLS.m3u8,https://video.trainerize.com/videos/17401292/c2e68e1d-5be6-4c8e-bba0-0f4ce5191328/HD-00001.jpg
6394068,"Banded glute step backs",awss3,https://video.trainerize.com/videos/17401193/d1ca3056-f749-4675-b84c-3b928d16398a/HD.mp4,https://video.trainerize.com/videos/17401193/d1ca3056-f749-4675-b84c-3b928d16398a/SD.mp4,https://video.trainerize.com/videos/17401193/d1ca3056-f749-4675-b84c-3b928d16398a/HLS.m3u8,https://video.trainerize.com/videos/17401193/d1ca3056-f749-4675-b84c-3b928d16398a/HD-00001.jpg
7363919,"Banded swimmer kicks with DB crunch",awss3,https://video.trainerize.com/videos/27979124/4a26f4cb-ce50-440c-a612-42c23d9076cc/HD.mp4,https://video.trainerize.com/videos/27979124/4a26f4cb-ce50-440c-a612-42c23d9076cc/SD.mp4,https://video.trainerize.com/videos/27979124/4a26f4cb-ce50-440c-a612-42c23d9076cc/HLS.m3u8,https://video.trainerize.com/videos/27979124/4a26f4cb-ce50-440c-a612-42c23d9076cc/HD-00001.jpg
5486163,"Barbell RDL 2",awss3,https://video.trainerize.com/videos/10457694/9a76bcaf-591e-4bd2-a372-93a735441437/HD.mp4,https://video.trainerize.com/videos/10457694/9a76bcaf-591e-4bd2-a372-93a735441437/SD.mp4,https://video.trainerize.com/videos/10457694/9a76bcaf-591e-4bd2-a372-93a735441437/HLS.m3u8,https://video.trainerize.com/videos/10457694/9a76bcaf-591e-4bd2-a372-93a735441437/HD-00001.jpg
5504000,"Bent knee lateral kick",awss3,https://video.trainerize.com/videos/10628937/4966d3fa-b139-45f3-918a-76d68b739a4c/HD.mp4,https://video.trainerize.com/videos/10628937/4966d3fa-b139-45f3-918a-76d68b739a4c/SD.mp4,https://video.trainerize.com/videos/10628937/4966d3fa-b139-45f3-918a-76d68b739a4c/HLS.m3u8,https://video.trainerize.com/videos/10628937/4966d3fa-b139-45f3-918a-76d68b739a4c/HD-00001.jpg
5395163,"Bent over DB row",awss3,https://video.trainerize.com/videos/9663287/d6fcfc4d-a5af-446c-bba4-707675da7501/HD.mp4,https://video.trainerize.com/videos/9663287/d6fcfc4d-a5af-446c-bba4-707675da7501/SD.mp4,https://video.trainerize.com/videos/9663287/d6fcfc4d-a5af-446c-bba4-707675da7501/HLS.m3u8,https://video.trainerize.com/videos/9663287/d6fcfc4d-a5af-446c-bba4-707675da7501/HD-00001.jpg
5397169,"BOSU bicep curl",awss3,https://video.trainerize.com/videos/9679587/980d48e4-1946-47d6-b652-321b855977f3/HD.mp4,https://video.trainerize.com/videos/9679587/980d48e4-1946-47d6-b652-321b855977f3/SD.mp4,https://video.trainerize.com/videos/9679587/980d48e4-1946-47d6-b652-321b855977f3/HLS.m3u8,https://video.trainerize.com/videos/9679587/980d48e4-1946-47d6-b652-321b855977f3/HD-00001.jpg
5397103,"BOSU burpee",awss3,https://video.trainerize.com/videos/9679073/2f651aeb-7d6f-4a0f-ac63-330f1a803ee4/HD.mp4,https://video.trainerize.com/videos/9679073/2f651aeb-7d6f-4a0f-ac63-330f1a803ee4/SD.mp4,https://video.trainerize.com/videos/9679073/2f651aeb-7d6f-4a0f-ac63-330f1a803ee4/HLS.m3u8,https://video.trainerize.com/videos/9679073/2f651aeb-7d6f-4a0f-ac63-330f1a803ee4/HD-00001.jpg
5395052,"Bosu modified push up",awss3,https://video.trainerize.com/videos/9662849/0856930e-4e29-428e-917d-149609e7aad2/HD.mp4,https://video.trainerize.com/videos/9662849/0856930e-4e29-428e-917d-149609e7aad2/SD.mp4,https://video.trainerize.com/videos/9662849/0856930e-4e29-428e-917d-149609e7aad2/HLS.m3u8,https://video.trainerize.com/videos/9662849/0856930e-4e29-428e-917d-149609e7aad2/HD-00001.jpg
5395057,"Bosu modified split push up",awss3,https://video.trainerize.com/videos/9662868/1e08b5fa-9574-4a95-849c-8698471ef467/HD.mp4,https://video.trainerize.com/videos/9662868/1e08b5fa-9574-4a95-849c-8698471ef467/SD.mp4,https://video.trainerize.com/videos/9662868/1e08b5fa-9574-4a95-849c-8698471ef467/HLS.m3u8,https://video.trainerize.com/videos/9662868/1e08b5fa-9574-4a95-849c-8698471ef467/HD-00001.jpg
5395054,"Bosu push up",awss3,https://video.trainerize.com/videos/9662866/9081ae63-3e9c-4297-b033-bb87726b5b1a/HD.mp4,https://video.trainerize.com/videos/9662866/9081ae63-3e9c-4297-b033-bb87726b5b1a/SD.mp4,https://video.trainerize.com/videos/9662866/9081ae63-3e9c-4297-b033-bb87726b5b1a/HLS.m3u8,https://video.trainerize.com/videos/9662866/9081ae63-3e9c-4297-b033-bb87726b5b1a/HD-00001.jpg
5395048,"Bosu running man",awss3,https://video.trainerize.com/videos/9662814/e10f0e7e-7226-40b0-8cf6-d74937af9906/HD.mp4,https://video.trainerize.com/videos/9662814/e10f0e7e-7226-40b0-8cf6-d74937af9906/SD.mp4,https://video.trainerize.com/videos/9662814/e10f0e7e-7226-40b0-8cf6-d74937af9906/HLS.m3u8,https://video.trainerize.com/videos/9662814/e10f0e7e-7226-40b0-8cf6-d74937af9906/HD-00001.jpg
5397100,"BOSU SL shoulder press",awss3,https://video.trainerize.com/videos/9679061/180588bb-5719-43ca-94e4-517e1f349c9d/HD.mp4,https://video.trainerize.com/videos/9679061/180588bb-5719-43ca-94e4-517e1f349c9d/SD.mp4,https://video.trainerize.com/videos/9679061/180588bb-5719-43ca-94e4-517e1f349c9d/HLS.m3u8,https://video.trainerize.com/videos/9679061/180588bb-5719-43ca-94e4-517e1f349c9d/HD-00001.jpg
5395084,"Bosu SL squat",awss3,https://video.trainerize.com/videos/9662961/00d08dc2-1b6b-45f2-976a-dfc0363275ae/HD.mp4,https://video.trainerize.com/videos/9662961/00d08dc2-1b6b-45f2-976a-dfc0363275ae/SD.mp4,https://video.trainerize.com/videos/9662961/00d08dc2-1b6b-45f2-976a-dfc0363275ae/HLS.m3u8,https://video.trainerize.com/videos/9662961/00d08dc2-1b6b-45f2-976a-dfc0363275ae/HD-00001.jpg
5504002,"Cable adduction",awss3,https://video.trainerize.com/videos/10628963/479b491c-50f5-4580-8df7-e1bb5c0836be/HD.mp4,https://video.trainerize.com/videos/10628963/479b491c-50f5-4580-8df7-e1bb5c0836be/SD.mp4,https://video.trainerize.com/videos/10628963/479b491c-50f5-4580-8df7-e1bb5c0836be/HLS.m3u8,https://video.trainerize.com/videos/10628963/479b491c-50f5-4580-8df7-e1bb5c0836be/HD-00001.jpg
5511173,"Cable cross over row 2",awss3,https://video.trainerize.com/videos/10684435/1a1d381e-0048-48ce-b20a-d614a443b46b/HD.mp4,https://video.trainerize.com/videos/10684435/1a1d381e-0048-48ce-b20a-d614a443b46b/SD.mp4,https://video.trainerize.com/videos/10684435/1a1d381e-0048-48ce-b20a-d614a443b46b/HLS.m3u8,https://video.trainerize.com/videos/10684435/1a1d381e-0048-48ce-b20a-d614a443b46b/HD-00001.jpg
5504016,"Cable rope hammer curl 2",awss3,https://video.trainerize.com/videos/10629106/e47ef02b-281b-4314-bf5c-0f997d78bc7f/HD.mp4,https://video.trainerize.com/videos/10629106/e47ef02b-281b-4314-bf5c-0f997d78bc7f/SD.mp4,https://video.trainerize.com/videos/10629106/e47ef02b-281b-4314-bf5c-0f997d78bc7f/HLS.m3u8,https://video.trainerize.com/videos/10629106/e47ef02b-281b-4314-bf5c-0f997d78bc7f/HD-00001.jpg
5395009,"Cable SL medial kick back",awss3,https://video.trainerize.com/videos/9662584/3493222b-41ee-4760-a538-b1c9c9f12f25/HD.mp4,https://video.trainerize.com/videos/9662584/3493222b-41ee-4760-a538-b1c9c9f12f25/SD.mp4,https://video.trainerize.com/videos/9662584/3493222b-41ee-4760-a538-b1c9c9f12f25/HLS.m3u8,https://video.trainerize.com/videos/9662584/3493222b-41ee-4760-a538-b1c9c9f12f25/HD-00001.jpg
5504144,"Cable wood chop low to high",awss3,https://video.trainerize.com/videos/10630801/f394832d-3c27-4f90-83bb-26b38f63a325/HD.mp4,https://video.trainerize.com/videos/10630801/f394832d-3c27-4f90-83bb-26b38f63a325/SD.mp4,https://video.trainerize.com/videos/10630801/f394832d-3c27-4f90-83bb-26b38f63a325/HLS.m3u8,https://video.trainerize.com/videos/10630801/f394832d-3c27-4f90-83bb-26b38f63a325/HD-00001.jpg
6393866,"Crab alt knee taps",awss3,https://video.trainerize.com/videos/17399572/8618d53b-1c0b-47d9-b072-b8acabd89c90/HD.mp4,https://video.trainerize.com/videos/17399572/8618d53b-1c0b-47d9-b072-b8acabd89c90/SD.mp4,https://video.trainerize.com/videos/17399572/8618d53b-1c0b-47d9-b072-b8acabd89c90/HLS.m3u8,https://video.trainerize.com/videos/17399572/8618d53b-1c0b-47d9-b072-b8acabd89c90/HD-00001.jpg
6393952,"Crab alt knee tucks",awss3,https://video.trainerize.com/videos/17400154/f1d5676a-227e-4793-9803-3a593074d19c/HD.mp4,https://video.trainerize.com/videos/17400154/f1d5676a-227e-4793-9803-3a593074d19c/SD.mp4,https://video.trainerize.com/videos/17400154/f1d5676a-227e-4793-9803-3a593074d19c/HLS.m3u8,https://video.trainerize.com/videos/17400154/f1d5676a-227e-4793-9803-3a593074d19c/HD-00001.jpg
7230797,"Crab hold with alt knee raises",awss3,https://video.trainerize.com/videos/26193363/2ad52347-871d-4114-81f5-135602672476/HD.mp4,https://video.trainerize.com/videos/26193363/2ad52347-871d-4114-81f5-135602672476/SD.mp4,https://video.trainerize.com/videos/26193363/2ad52347-871d-4114-81f5-135602672476/HLS.m3u8,https://video.trainerize.com/videos/26193363/2ad52347-871d-4114-81f5-135602672476/HD-00001.jpg
6393676,"DB 2/3 squat",awss3,https://video.trainerize.com/videos/17397703/30402750-5341-482e-9dc8-0003e6805cfa/HD.mp4,https://video.trainerize.com/videos/17397703/30402750-5341-482e-9dc8-0003e6805cfa/SD.mp4,https://video.trainerize.com/videos/17397703/30402750-5341-482e-9dc8-0003e6805cfa/HLS.m3u8,https://video.trainerize.com/videos/17397703/30402750-5341-482e-9dc8-0003e6805cfa/HD-00001.jpg
5395169,"DB 2/3 squat into pulses",awss3,https://video.trainerize.com/videos/9663309/1cec2b35-cf5f-4a25-b1a3-e467c042a283/HD.mp4,https://video.trainerize.com/videos/9663309/1cec2b35-cf5f-4a25-b1a3-e467c042a283/SD.mp4,https://video.trainerize.com/videos/9663309/1cec2b35-cf5f-4a25-b1a3-e467c042a283/HLS.m3u8,https://video.trainerize.com/videos/9663309/1cec2b35-cf5f-4a25-b1a3-e467c042a283/HD-00001.jpg
6393685,"DB alt hammer/bicep curl",awss3,https://video.trainerize.com/videos/17397858/2febdf45-8a50-4d01-87f4-3063e558d5d8/HD.mp4,https://video.trainerize.com/videos/17397858/2febdf45-8a50-4d01-87f4-3063e558d5d8/SD.mp4,https://video.trainerize.com/videos/17397858/2febdf45-8a50-4d01-87f4-3063e558d5d8/HLS.m3u8,https://video.trainerize.com/videos/17397858/2febdf45-8a50-4d01-87f4-3063e558d5d8/HD-00001.jpg
6518756,"DB AROUND THE WORLD",awss3,https://video.trainerize.com/videos/18576428/39c9dbb2-53e4-42ac-bd60-5bc5e2dbb79b/HD.mp4,https://video.trainerize.com/videos/18576428/39c9dbb2-53e4-42ac-bd60-5bc5e2dbb79b/SD.mp4,https://video.trainerize.com/videos/18576428/39c9dbb2-53e4-42ac-bd60-5bc5e2dbb79b/HLS.m3u8,https://video.trainerize.com/videos/18576428/39c9dbb2-53e4-42ac-bd60-5bc5e2dbb79b/HD-00001.jpg
6393980,"DB floor wood chops",awss3,https://video.trainerize.com/videos/17400357/79d9c3f7-c8de-4a50-a957-8fe9d9fb2195/HD.mp4,https://video.trainerize.com/videos/17400357/79d9c3f7-c8de-4a50-a957-8fe9d9fb2195/SD.mp4,https://video.trainerize.com/videos/17400357/79d9c3f7-c8de-4a50-a957-8fe9d9fb2195/HLS.m3u8,https://video.trainerize.com/videos/17400357/79d9c3f7-c8de-4a50-a957-8fe9d9fb2195/HD-00001.jpg
5395187,"DB frontal raises 2",awss3,https://video.trainerize.com/videos/9663387/d701921a-4873-469e-bad1-23141100407a/HD.mp4,https://video.trainerize.com/videos/9663387/d701921a-4873-469e-bad1-23141100407a/SD.mp4,https://video.trainerize.com/videos/9663387/d701921a-4873-469e-bad1-23141100407a/HLS.m3u8,https://video.trainerize.com/videos/9663387/d701921a-4873-469e-bad1-23141100407a/HD-00001.jpg
6518768,"DB hammer curl into bent lat raise",awss3,https://video.trainerize.com/videos/18576496/2201f5e8-83ad-4f75-aa4a-9e47f8bad9e7/HD.mp4,https://video.trainerize.com/videos/18576496/2201f5e8-83ad-4f75-aa4a-9e47f8bad9e7/SD.mp4,https://video.trainerize.com/videos/18576496/2201f5e8-83ad-4f75-aa4a-9e47f8bad9e7/HLS.m3u8,https://video.trainerize.com/videos/18576496/2201f5e8-83ad-4f75-aa4a-9e47f8bad9e7/HD-00001.jpg
6393723,"DB KB swings",awss3,https://video.trainerize.com/videos/17398138/19554efd-c961-4a58-a6ce-f502872ed490/HD.mp4,https://video.trainerize.com/videos/17398138/19554efd-c961-4a58-a6ce-f502872ed490/SD.mp4,https://video.trainerize.com/videos/17398138/19554efd-c961-4a58-a6ce-f502872ed490/HLS.m3u8,https://video.trainerize.com/videos/17398138/19554efd-c961-4a58-a6ce-f502872ed490/HD-00001.jpg
6393682,"DB neutral shoulder press",awss3,https://video.trainerize.com/videos/17397837/bee01653-3106-4036-8b99-b83355e73afe/HD.mp4,https://video.trainerize.com/videos/17397837/bee01653-3106-4036-8b99-b83355e73afe/SD.mp4,https://video.trainerize.com/videos/17397837/bee01653-3106-4036-8b99-b83355e73afe/HLS.m3u8,https://video.trainerize.com/videos/17397837/bee01653-3106-4036-8b99-b83355e73afe/HD-00001.jpg
7392249,"DB press variation neutral/prone hand position",awss3,https://video.trainerize.com/videos/28369046/37fc42c0-54aa-4110-9963-96e563d970ae/HD.mp4,https://video.trainerize.com/videos/28369046/37fc42c0-54aa-4110-9963-96e563d970ae/SD.mp4,https://video.trainerize.com/videos/28369046/37fc42c0-54aa-4110-9963-96e563d970ae/HLS.m3u8,https://video.trainerize.com/videos/28369046/37fc42c0-54aa-4110-9963-96e563d970ae/HD-00001.jpg
7231243,"DB reverse lunge w/ glute lean",awss3,https://video.trainerize.com/videos/26195701/bd8a3b45-1522-4c5d-8fd9-2327f3975f5e/HD.mp4,https://video.trainerize.com/videos/26195701/bd8a3b45-1522-4c5d-8fd9-2327f3975f5e/SD.mp4,https://video.trainerize.com/videos/26195701/bd8a3b45-1522-4c5d-8fd9-2327f3975f5e/HLS.m3u8,https://video.trainerize.com/videos/26195701/bd8a3b45-1522-4c5d-8fd9-2327f3975f5e/HD-00001.jpg
6393839,"DB row boats",awss3,https://video.trainerize.com/videos/17399273/310e7364-c861-4bf9-94b8-2cbe54ec83bb/HD.mp4,https://video.trainerize.com/videos/17399273/310e7364-c861-4bf9-94b8-2cbe54ec83bb/SD.mp4,https://video.trainerize.com/videos/17399273/310e7364-c861-4bf9-94b8-2cbe54ec83bb/HLS.m3u8,https://video.trainerize.com/videos/17399273/310e7364-c861-4bf9-94b8-2cbe54ec83bb/HD-00001.jpg
5486171,"DB SA shoulder press",awss3,https://video.trainerize.com/videos/10457742/87b8b9bb-61ae-455a-be19-39306a9bd7e7/HD.mp4,https://video.trainerize.com/videos/10457742/87b8b9bb-61ae-455a-be19-39306a9bd7e7/SD.mp4,https://video.trainerize.com/videos/10457742/87b8b9bb-61ae-455a-be19-39306a9bd7e7/HLS.m3u8,https://video.trainerize.com/videos/10457742/87b8b9bb-61ae-455a-be19-39306a9bd7e7/HD-00001.jpg
5395171,"DB stationary lunges",awss3,https://video.trainerize.com/videos/9663332/9e12296b-7aac-4dd5-86e0-caa52ffdce8d/HD.mp4,https://video.trainerize.com/videos/9663332/9e12296b-7aac-4dd5-86e0-caa52ffdce8d/SD.mp4,https://video.trainerize.com/videos/9663332/9e12296b-7aac-4dd5-86e0-caa52ffdce8d/HLS.m3u8,https://video.trainerize.com/videos/9663332/9e12296b-7aac-4dd5-86e0-caa52ffdce8d/HD-00001.jpg
6518779,"DB tornado twists",awss3,https://video.trainerize.com/videos/18576547/794d0ba5-3db9-4eaa-8432-6fd8995f59f3/HD.mp4,https://video.trainerize.com/videos/18576547/794d0ba5-3db9-4eaa-8432-6fd8995f59f3/SD.mp4,https://video.trainerize.com/videos/18576547/794d0ba5-3db9-4eaa-8432-6fd8995f59f3/HLS.m3u8,https://video.trainerize.com/videos/18576547/794d0ba5-3db9-4eaa-8432-6fd8995f59f3/HD-00001.jpg
5504069,"DB tricep kick backs",awss3,https://video.trainerize.com/videos/10629366/f64b9db1-be57-43f4-b7bf-a23ee667bcf5/HD.mp4,https://video.trainerize.com/videos/10629366/f64b9db1-be57-43f4-b7bf-a23ee667bcf5/SD.mp4,https://video.trainerize.com/videos/10629366/f64b9db1-be57-43f4-b7bf-a23ee667bcf5/HLS.m3u8,https://video.trainerize.com/videos/10629366/f64b9db1-be57-43f4-b7bf-a23ee667bcf5/HD-00001.jpg
5504100,"DB WIDE ROW",awss3,https://video.trainerize.com/videos/10629822/6d2969d5-08c9-4ac1-ae9c-4c809a377184/HD.mp4,https://video.trainerize.com/videos/10629822/6d2969d5-08c9-4ac1-ae9c-4c809a377184/SD.mp4,https://video.trainerize.com/videos/10629822/6d2969d5-08c9-4ac1-ae9c-4c809a377184/HLS.m3u8,https://video.trainerize.com/videos/10629822/6d2969d5-08c9-4ac1-ae9c-4c809a377184/HD-00001.jpg
6518745,"DB WIDE sumo squat with pulse",awss3,https://video.trainerize.com/videos/18576374/02c848c5-2571-4f55-866d-d2b6fa8ffb03/HD.mp4,https://video.trainerize.com/videos/18576374/02c848c5-2571-4f55-866d-d2b6fa8ffb03/SD.mp4,https://video.trainerize.com/videos/18576374/02c848c5-2571-4f55-866d-d2b6fa8ffb03/HLS.m3u8,https://video.trainerize.com/videos/18576374/02c848c5-2571-4f55-866d-d2b6fa8ffb03/HD-00001.jpg
6393720,"DB windmills",awss3,https://video.trainerize.com/videos/17398098/ab28eaa7-c653-4a5b-9304-0702c9d1fcc5/HD.mp4,https://video.trainerize.com/videos/17398098/ab28eaa7-c653-4a5b-9304-0702c9d1fcc5/SD.mp4,https://video.trainerize.com/videos/17398098/ab28eaa7-c653-4a5b-9304-0702c9d1fcc5/HLS.m3u8,https://video.trainerize.com/videos/17398098/ab28eaa7-c653-4a5b-9304-0702c9d1fcc5/HD-00001.jpg
5395001,"Decline narrow leg press",awss3,https://video.trainerize.com/videos/9662525/f19bdab1-c77d-4449-8b80-f9dc437ace2e/HD.mp4,https://video.trainerize.com/videos/9662525/f19bdab1-c77d-4449-8b80-f9dc437ace2e/SD.mp4,https://video.trainerize.com/videos/9662525/f19bdab1-c77d-4449-8b80-f9dc437ace2e/HLS.m3u8,https://video.trainerize.com/videos/9662525/f19bdab1-c77d-4449-8b80-f9dc437ace2e/HD-00001.jpg
5395004,"Decline SL leg press",awss3,https://video.trainerize.com/videos/9662540/91b87b7a-c727-4dcd-9779-5f2aa0d4db2b/HD.mp4,https://video.trainerize.com/videos/9662540/91b87b7a-c727-4dcd-9779-5f2aa0d4db2b/SD.mp4,https://video.trainerize.com/videos/9662540/91b87b7a-c727-4dcd-9779-5f2aa0d4db2b/HLS.m3u8,https://video.trainerize.com/videos/9662540/91b87b7a-c727-4dcd-9779-5f2aa0d4db2b/HD-00001.jpg
5395094,"Decline SL press+calf raise",awss3,https://video.trainerize.com/videos/9663001/1729e597-1a03-46b0-a2bf-7a7a1c6ac3bc/HD.mp4,https://video.trainerize.com/videos/9663001/1729e597-1a03-46b0-a2bf-7a7a1c6ac3bc/SD.mp4,https://video.trainerize.com/videos/9663001/1729e597-1a03-46b0-a2bf-7a7a1c6ac3bc/HLS.m3u8,https://video.trainerize.com/videos/9663001/1729e597-1a03-46b0-a2bf-7a7a1c6ac3bc/HD-00001.jpg
5504102,"Dips on bench",awss3,https://video.trainerize.com/videos/10629891/b50900c0-5a34-4eed-af3e-9e5469e2e6b0/HD.mp4,https://video.trainerize.com/videos/10629891/b50900c0-5a34-4eed-af3e-9e5469e2e6b0/SD.mp4,https://video.trainerize.com/videos/10629891/b50900c0-5a34-4eed-af3e-9e5469e2e6b0/HLS.m3u8,https://video.trainerize.com/videos/10629891/b50900c0-5a34-4eed-af3e-9e5469e2e6b0/HD-00001.jpg
6394085,"Downward dog shoulder taps",awss3,https://video.trainerize.com/videos/17401352/820bb6fa-7540-44af-830d-c2e34b6fc7a6/HD.mp4,https://video.trainerize.com/videos/17401352/820bb6fa-7540-44af-830d-c2e34b6fc7a6/SD.mp4,https://video.trainerize.com/videos/17401352/820bb6fa-7540-44af-830d-c2e34b6fc7a6/HLS.m3u8,https://video.trainerize.com/videos/17401352/820bb6fa-7540-44af-830d-c2e34b6fc7a6/HD-00001.jpg
5510985,"Dual tricep DB kickback",awss3,https://video.trainerize.com/videos/10683027/e919cae2-99d6-4210-bf54-f4b4708c9a5a/HD.mp4,https://video.trainerize.com/videos/10683027/e919cae2-99d6-4210-bf54-f4b4708c9a5a/SD.mp4,https://video.trainerize.com/videos/10683027/e919cae2-99d6-4210-bf54-f4b4708c9a5a/HLS.m3u8,https://video.trainerize.com/videos/10683027/e919cae2-99d6-4210-bf54-f4b4708c9a5a/HD-00001.jpg
7230956,"Duck stance DB row into RDL",awss3,https://video.trainerize.com/videos/26194219/4b6424b4-3cbe-433a-beae-4d7246876400/HD.mp4,https://video.trainerize.com/videos/26194219/4b6424b4-3cbe-433a-beae-4d7246876400/SD.mp4,https://video.trainerize.com/videos/26194219/4b6424b4-3cbe-433a-beae-4d7246876400/HLS.m3u8,https://video.trainerize.com/videos/26194219/4b6424b4-3cbe-433a-beae-4d7246876400/HD-00001.jpg
7230957,"Elevated heel DB RDL",awss3,https://video.trainerize.com/videos/26194253/fd41c349-9fe0-4528-a7b3-68b6431f5da2/HD.mp4,https://video.trainerize.com/videos/26194253/fd41c349-9fe0-4528-a7b3-68b6431f5da2/SD.mp4,https://video.trainerize.com/videos/26194253/fd41c349-9fe0-4528-a7b3-68b6431f5da2/HLS.m3u8,https://video.trainerize.com/videos/26194253/fd41c349-9fe0-4528-a7b3-68b6431f5da2/HD-00001.jpg
5504058,"Elevated heel reverse cable curls",awss3,https://video.trainerize.com/videos/10629339/c0a4fbdc-6c80-452d-b111-1d168a03d15c/HD.mp4,https://video.trainerize.com/videos/10629339/c0a4fbdc-6c80-452d-b111-1d168a03d15c/SD.mp4,https://video.trainerize.com/videos/10629339/c0a4fbdc-6c80-452d-b111-1d168a03d15c/HLS.m3u8,https://video.trainerize.com/videos/10629339/c0a4fbdc-6c80-452d-b111-1d168a03d15c/HD-00001.jpg
5504055,"Elevated heel reverse cable squat",awss3,https://video.trainerize.com/videos/10629325/acb925b1-f05d-4bd6-8d80-a448b9135399/HD.mp4,https://video.trainerize.com/videos/10629325/acb925b1-f05d-4bd6-8d80-a448b9135399/SD.mp4,https://video.trainerize.com/videos/10629325/acb925b1-f05d-4bd6-8d80-a448b9135399/HLS.m3u8,https://video.trainerize.com/videos/10629325/acb925b1-f05d-4bd6-8d80-a448b9135399/HD-00001.jpg
5504405,"Floor leg ext",awss3,https://video.trainerize.com/videos/10632115/93980573-be6b-4dc4-9485-a1c7e039f21e/HD.mp4,https://video.trainerize.com/videos/10632115/93980573-be6b-4dc4-9485-a1c7e039f21e/SD.mp4,https://video.trainerize.com/videos/10632115/93980573-be6b-4dc4-9485-a1c7e039f21e/HLS.m3u8,https://video.trainerize.com/videos/10632115/93980573-be6b-4dc4-9485-a1c7e039f21e/HD-00001.jpg
5486151,"Front loaded KB walking lunge with hold",awss3,https://video.trainerize.com/videos/10457657/92673af0-d0f4-440d-ab6c-4d8f4d6e8855/HD.mp4,https://video.trainerize.com/videos/10457657/92673af0-d0f4-440d-ab6c-4d8f4d6e8855/SD.mp4,https://video.trainerize.com/videos/10457657/92673af0-d0f4-440d-ab6c-4d8f4d6e8855/HLS.m3u8,https://video.trainerize.com/videos/10457657/92673af0-d0f4-440d-ab6c-4d8f4d6e8855/HD-00001.jpg
7230858,"Frontal raise into lateral raise and reverse",awss3,https://video.trainerize.com/videos/26193786/c3d3e7b9-803e-46fa-ab0e-011274f52e82/HD.mp4,https://video.trainerize.com/videos/26193786/c3d3e7b9-803e-46fa-ab0e-011274f52e82/SD.mp4,https://video.trainerize.com/videos/26193786/c3d3e7b9-803e-46fa-ab0e-011274f52e82/HLS.m3u8,https://video.trainerize.com/videos/26193786/c3d3e7b9-803e-46fa-ab0e-011274f52e82/HD-00001.jpg
5504003,"Glute kickback pulse",awss3,https://video.trainerize.com/videos/10628969/9770a061-e768-46a1-a784-4c477ecec3bc/HD.mp4,https://video.trainerize.com/videos/10628969/9770a061-e768-46a1-a784-4c477ecec3bc/SD.mp4,https://video.trainerize.com/videos/10628969/9770a061-e768-46a1-a784-4c477ecec3bc/HLS.m3u8,https://video.trainerize.com/videos/10628969/9770a061-e768-46a1-a784-4c477ecec3bc/HD-00001.jpg
6393959,"Glute lifts abs",awss3,https://video.trainerize.com/videos/17400199/518a9f52-bcd4-4b6a-a3c6-c9f69307d4a1/HD.mp4,https://video.trainerize.com/videos/17400199/518a9f52-bcd4-4b6a-a3c6-c9f69307d4a1/SD.mp4,https://video.trainerize.com/videos/17400199/518a9f52-bcd4-4b6a-a3c6-c9f69307d4a1/HLS.m3u8,https://video.trainerize.com/videos/17400199/518a9f52-bcd4-4b6a-a3c6-c9f69307d4a1/HD-00001.jpg
5395466,"Good mornings 2",awss3,https://video.trainerize.com/videos/9665427/c38f57f1-6e1d-4599-848c-e27f5acbf383/HD.mp4,https://video.trainerize.com/videos/9665427/c38f57f1-6e1d-4599-848c-e27f5acbf383/SD.mp4,https://video.trainerize.com/videos/9665427/c38f57f1-6e1d-4599-848c-e27f5acbf383/HLS.m3u8,https://video.trainerize.com/videos/9665427/c38f57f1-6e1d-4599-848c-e27f5acbf383/HD-00001.jpg
5486142,"Hamstring ab dolly rolls",awss3,https://video.trainerize.com/videos/10457640/b971a77d-09ca-4833-972d-fc355a5c8fe1/HD.mp4,https://video.trainerize.com/videos/10457640/b971a77d-09ca-4833-972d-fc355a5c8fe1/SD.mp4,https://video.trainerize.com/videos/10457640/b971a77d-09ca-4833-972d-fc355a5c8fe1/HLS.m3u8,https://video.trainerize.com/videos/10457640/b971a77d-09ca-4833-972d-fc355a5c8fe1/HD-00001.jpg
5395099,"Hamstring curl into SL curl",awss3,https://video.trainerize.com/videos/9663027/28c055c7-0360-40aa-93cb-afdbe14951e7/HD.mp4,https://video.trainerize.com/videos/9663027/28c055c7-0360-40aa-93cb-afdbe14951e7/SD.mp4,https://video.trainerize.com/videos/9663027/28c055c7-0360-40aa-93cb-afdbe14951e7/HLS.m3u8,https://video.trainerize.com/videos/9663027/28c055c7-0360-40aa-93cb-afdbe14951e7/HD-00001.jpg
6518728,"Handstand pushes",awss3,https://video.trainerize.com/videos/18576278/4fde56d3-63a3-4895-8eaf-8d2e50010dcf/HD.mp4,https://video.trainerize.com/videos/18576278/4fde56d3-63a3-4895-8eaf-8d2e50010dcf/SD.mp4,https://video.trainerize.com/videos/18576278/4fde56d3-63a3-4895-8eaf-8d2e50010dcf/HLS.m3u8,https://video.trainerize.com/videos/18576278/4fde56d3-63a3-4895-8eaf-8d2e50010dcf/HD-00001.jpg
5486160,"Hanging alt SL release",awss3,https://video.trainerize.com/videos/10457674/f0c637aa-134e-4189-b2ea-9d3be33b6e76/HD.mp4,https://video.trainerize.com/videos/10457674/f0c637aa-134e-4189-b2ea-9d3be33b6e76/SD.mp4,https://video.trainerize.com/videos/10457674/f0c637aa-134e-4189-b2ea-9d3be33b6e76/HLS.m3u8,https://video.trainerize.com/videos/10457674/f0c637aa-134e-4189-b2ea-9d3be33b6e76/HD-00001.jpg
5486162,"Hanging knee raise holds",awss3,https://video.trainerize.com/videos/10457683/91de00f9-4c5d-4d74-bc92-81824aa6b499/HD.mp4,https://video.trainerize.com/videos/10457683/91de00f9-4c5d-4d74-bc92-81824aa6b499/SD.mp4,https://video.trainerize.com/videos/10457683/91de00f9-4c5d-4d74-bc92-81824aa6b499/HLS.m3u8,https://video.trainerize.com/videos/10457683/91de00f9-4c5d-4d74-bc92-81824aa6b499/HD-00001.jpg
5486158,"Hanging knee raise slow eccentric",awss3,https://video.trainerize.com/videos/10457669/f056b292-8877-49d3-87af-1f87acd4be3a/HD.mp4,https://video.trainerize.com/videos/10457669/f056b292-8877-49d3-87af-1f87acd4be3a/SD.mp4,https://video.trainerize.com/videos/10457669/f056b292-8877-49d3-87af-1f87acd4be3a/HLS.m3u8,https://video.trainerize.com/videos/10457669/f056b292-8877-49d3-87af-1f87acd4be3a/HD-00001.jpg
6394083,"Inch worms 2",awss3,https://video.trainerize.com/videos/17401338/6cee220b-1bac-4dbb-a246-f2e8a0894d11/HD.mp4,https://video.trainerize.com/videos/17401338/6cee220b-1bac-4dbb-a246-f2e8a0894d11/SD.mp4,https://video.trainerize.com/videos/17401338/6cee220b-1bac-4dbb-a246-f2e8a0894d11/HLS.m3u8,https://video.trainerize.com/videos/17401338/6cee220b-1bac-4dbb-a246-f2e8a0894d11/HD-00001.jpg
5504403,"Incline push ups  2",awss3,https://video.trainerize.com/videos/10632099/b893482f-2577-4c8c-a2f8-e78eed082419/HD.mp4,https://video.trainerize.com/videos/10632099/b893482f-2577-4c8c-a2f8-e78eed082419/SD.mp4,https://video.trainerize.com/videos/10632099/b893482f-2577-4c8c-a2f8-e78eed082419/HLS.m3u8,https://video.trainerize.com/videos/10632099/b893482f-2577-4c8c-a2f8-e78eed082419/HD-00001.jpg
7230936,"Isometric lunge w/ DB overhead ext",awss3,https://video.trainerize.com/videos/26194128/45744676-19b1-4e75-b445-387db2f0f704/HD.mp4,https://video.trainerize.com/videos/26194128/45744676-19b1-4e75-b445-387db2f0f704/SD.mp4,https://video.trainerize.com/videos/26194128/45744676-19b1-4e75-b445-387db2f0f704/HLS.m3u8,https://video.trainerize.com/videos/26194128/45744676-19b1-4e75-b445-387db2f0f704/HD-00001.jpg
7230852,"Isometric side lunge with tricep kick back",awss3,https://video.trainerize.com/videos/26193768/ca1a03a3-69ab-4813-be3a-5b60465b796e/HD.mp4,https://video.trainerize.com/videos/26193768/ca1a03a3-69ab-4813-be3a-5b60465b796e/SD.mp4,https://video.trainerize.com/videos/26193768/ca1a03a3-69ab-4813-be3a-5b60465b796e/HLS.m3u8,https://video.trainerize.com/videos/26193768/ca1a03a3-69ab-4813-be3a-5b60465b796e/HD-00001.jpg
7230975,"Isometric squat with RB row",awss3,https://video.trainerize.com/videos/26194367/107fc44d-0bdb-469d-baf5-2bbe112aab8c/HD.mp4,https://video.trainerize.com/videos/26194367/107fc44d-0bdb-469d-baf5-2bbe112aab8c/SD.mp4,https://video.trainerize.com/videos/26194367/107fc44d-0bdb-469d-baf5-2bbe112aab8c/HLS.m3u8,https://video.trainerize.com/videos/26194367/107fc44d-0bdb-469d-baf5-2bbe112aab8c/HD-00001.jpg
6925724,"KB upright row",awss3,https://video.trainerize.com/videos/22670672/c076c4c7-dab8-4bf6-a4c1-b2bc58272120/HD.mp4,https://video.trainerize.com/videos/22670672/c076c4c7-dab8-4bf6-a4c1-b2bc58272120/SD.mp4,https://video.trainerize.com/videos/22670672/c076c4c7-dab8-4bf6-a4c1-b2bc58272120/HLS.m3u8,https://video.trainerize.com/videos/22670672/c076c4c7-dab8-4bf6-a4c1-b2bc58272120/HD-00001.jpg
7230933,"Kneeling alt SA press / narrow press",awss3,https://video.trainerize.com/videos/26194102/3980a36d-35f5-42c6-9497-0477bdc69256/HD.mp4,https://video.trainerize.com/videos/26194102/3980a36d-35f5-42c6-9497-0477bdc69256/SD.mp4,https://video.trainerize.com/videos/26194102/3980a36d-35f5-42c6-9497-0477bdc69256/HLS.m3u8,https://video.trainerize.com/videos/26194102/3980a36d-35f5-42c6-9497-0477bdc69256/HD-00001.jpg
6394069,"Kneeling banded squat",awss3,https://video.trainerize.com/videos/17401224/fb77cdd0-048d-4056-82d3-14df116ad4f2/HD.mp4,https://video.trainerize.com/videos/17401224/fb77cdd0-048d-4056-82d3-14df116ad4f2/SD.mp4,https://video.trainerize.com/videos/17401224/fb77cdd0-048d-4056-82d3-14df116ad4f2/HLS.m3u8,https://video.trainerize.com/videos/17401224/fb77cdd0-048d-4056-82d3-14df116ad4f2/HD-00001.jpg
7230949,"Kneeling DB around the worlds",awss3,https://video.trainerize.com/videos/26194178/80af70ab-5ccc-41cf-aeb6-97de52434dd5/HD.mp4,https://video.trainerize.com/videos/26194178/80af70ab-5ccc-41cf-aeb6-97de52434dd5/SD.mp4,https://video.trainerize.com/videos/26194178/80af70ab-5ccc-41cf-aeb6-97de52434dd5/HLS.m3u8,https://video.trainerize.com/videos/26194178/80af70ab-5ccc-41cf-aeb6-97de52434dd5/HD-00001.jpg
7231024,"Kneeling rb low row",awss3,https://video.trainerize.com/videos/26194636/a2f09c91-0867-4302-9044-cd5c0cc457fa/HD.mp4,https://video.trainerize.com/videos/26194636/a2f09c91-0867-4302-9044-cd5c0cc457fa/SD.mp4,https://video.trainerize.com/videos/26194636/a2f09c91-0867-4302-9044-cd5c0cc457fa/HLS.m3u8,https://video.trainerize.com/videos/26194636/a2f09c91-0867-4302-9044-cd5c0cc457fa/HD-00001.jpg
7230965,"Kneeling RB straight arm pull downs",awss3,https://video.trainerize.com/videos/26194306/0b89f865-2fa3-492d-a37f-e4956782b741/HD.mp4,https://video.trainerize.com/videos/26194306/0b89f865-2fa3-492d-a37f-e4956782b741/SD.mp4,https://video.trainerize.com/videos/26194306/0b89f865-2fa3-492d-a37f-e4956782b741/HLS.m3u8,https://video.trainerize.com/videos/26194306/0b89f865-2fa3-492d-a37f-e4956782b741/HD-00001.jpg
5503997,"Land mine hip thrust",awss3,https://video.trainerize.com/videos/10628919/d8d91164-feaa-4824-b8c6-a0bc93540454/HD.mp4,https://video.trainerize.com/videos/10628919/d8d91164-feaa-4824-b8c6-a0bc93540454/SD.mp4,https://video.trainerize.com/videos/10628919/d8d91164-feaa-4824-b8c6-a0bc93540454/HLS.m3u8,https://video.trainerize.com/videos/10628919/d8d91164-feaa-4824-b8c6-a0bc93540454/HD-00001.jpg
7211645,"Lateral/ frontal slow eccentric raises",awss3,https://video.trainerize.com/videos/25950650/cf625f2c-0de2-4eaa-80e7-3fed598c8d18/HD.mp4,https://video.trainerize.com/videos/25950650/cf625f2c-0de2-4eaa-80e7-3fed598c8d18/SD.mp4,https://video.trainerize.com/videos/25950650/cf625f2c-0de2-4eaa-80e7-3fed598c8d18/HLS.m3u8,https://video.trainerize.com/videos/25950650/cf625f2c-0de2-4eaa-80e7-3fed598c8d18/HD-00001.jpg
5395203,"Lateral+medial+glute kicks",awss3,https://video.trainerize.com/videos/9663531/e18b221d-d230-496d-9f2f-88d1261ecd95/HD.mp4,https://video.trainerize.com/videos/9663531/e18b221d-d230-496d-9f2f-88d1261ecd95/SD.mp4,https://video.trainerize.com/videos/9663531/e18b221d-d230-496d-9f2f-88d1261ecd95/HLS.m3u8,https://video.trainerize.com/videos/9663531/e18b221d-d230-496d-9f2f-88d1261ecd95/HD-00001.jpg
5395212,"Mt climbers +pop outs",awss3,https://video.trainerize.com/videos/9663563/f96c4b9e-5147-4751-a5b1-35a7027f0963/HD.mp4,https://video.trainerize.com/videos/9663563/f96c4b9e-5147-4751-a5b1-35a7027f0963/SD.mp4,https://video.trainerize.com/videos/9663563/f96c4b9e-5147-4751-a5b1-35a7027f0963/HLS.m3u8,https://video.trainerize.com/videos/9663563/f96c4b9e-5147-4751-a5b1-35a7027f0963/HD-00001.jpg
5504425,"Narrow forward smith squat",awss3,https://video.trainerize.com/videos/10632181/082ef597-3346-46b0-a492-843e1e7efea8/HD.mp4,https://video.trainerize.com/videos/10632181/082ef597-3346-46b0-a492-843e1e7efea8/SD.mp4,https://video.trainerize.com/videos/10632181/082ef597-3346-46b0-a492-843e1e7efea8/HLS.m3u8,https://video.trainerize.com/videos/10632181/082ef597-3346-46b0-a492-843e1e7efea8/HD-00001.jpg
6518751,"Narrow shoulder press into tricep ext",awss3,https://video.trainerize.com/videos/18576405/99504cf1-6802-4132-b738-98c216822d77/HD.mp4,https://video.trainerize.com/videos/18576405/99504cf1-6802-4132-b738-98c216822d77/SD.mp4,https://video.trainerize.com/videos/18576405/99504cf1-6802-4132-b738-98c216822d77/HLS.m3u8,https://video.trainerize.com/videos/18576405/99504cf1-6802-4132-b738-98c216822d77/HD-00001.jpg
6518786,"Neutral frontal raises w/ steering wheel twist",awss3,https://video.trainerize.com/videos/18576586/90bb4b4a-99d6-48f9-bf1b-7123866c809b/HD.mp4,https://video.trainerize.com/videos/18576586/90bb4b4a-99d6-48f9-bf1b-7123866c809b/SD.mp4,https://video.trainerize.com/videos/18576586/90bb4b4a-99d6-48f9-bf1b-7123866c809b/HLS.m3u8,https://video.trainerize.com/videos/18576586/90bb4b4a-99d6-48f9-bf1b-7123866c809b/HD-00001.jpg
5503987,"Neutral group floor chest press",awss3,https://video.trainerize.com/videos/10628832/1fcd2d9b-12fc-46bb-b7a7-1b57c067c10b/HD.mp4,https://video.trainerize.com/videos/10628832/1fcd2d9b-12fc-46bb-b7a7-1b57c067c10b/SD.mp4,https://video.trainerize.com/videos/10628832/1fcd2d9b-12fc-46bb-b7a7-1b57c067c10b/HLS.m3u8,https://video.trainerize.com/videos/10628832/1fcd2d9b-12fc-46bb-b7a7-1b57c067c10b/HD-00001.jpg
5395029,"Over head cable tri ext",awss3,https://video.trainerize.com/videos/9662646/a23f1f8b-ca27-47cb-9d19-93814e282739/HD.mp4,https://video.trainerize.com/videos/9662646/a23f1f8b-ca27-47cb-9d19-93814e282739/SD.mp4,https://video.trainerize.com/videos/9662646/a23f1f8b-ca27-47cb-9d19-93814e282739/HLS.m3u8,https://video.trainerize.com/videos/9662646/a23f1f8b-ca27-47cb-9d19-93814e282739/HD-00001.jpg
5504140,"Overhead cable rope tri ext",awss3,https://video.trainerize.com/videos/10630779/3c71c28e-7263-4f64-a7c1-9a876286669c/HD.mp4,https://video.trainerize.com/videos/10630779/3c71c28e-7263-4f64-a7c1-9a876286669c/SD.mp4,https://video.trainerize.com/videos/10630779/3c71c28e-7263-4f64-a7c1-9a876286669c/HLS.m3u8,https://video.trainerize.com/videos/10630779/3c71c28e-7263-4f64-a7c1-9a876286669c/HD-00001.jpg
6394081,"Parallel arm wall sit",awss3,https://video.trainerize.com/videos/17401330/951e66e7-cadb-4f28-b483-fc8a34aff429/HD.mp4,https://video.trainerize.com/videos/17401330/951e66e7-cadb-4f28-b483-fc8a34aff429/SD.mp4,https://video.trainerize.com/videos/17401330/951e66e7-cadb-4f28-b483-fc8a34aff429/HLS.m3u8,https://video.trainerize.com/videos/17401330/951e66e7-cadb-4f28-b483-fc8a34aff429/HD-00001.jpg
7490544,"PFM DB alt lower leg lifts",awss3,https://video.trainerize.com/videos/29611240/c2c989da-7839-424c-b6c6-1a19e32bb24c/HD.mp4,https://video.trainerize.com/videos/29611240/c2c989da-7839-424c-b6c6-1a19e32bb24c/SD.mp4,https://video.trainerize.com/videos/29611240/c2c989da-7839-424c-b6c6-1a19e32bb24c/HLS.m3u8,https://video.trainerize.com/videos/29611240/c2c989da-7839-424c-b6c6-1a19e32bb24c/HD-00001.jpg
7490946,"PFM hip hop w/ glute bridge adduction",awss3,https://video.trainerize.com/videos/29613785/f88e05bb-0fce-4446-8733-fbb9b798b4af/HD.mp4,https://video.trainerize.com/videos/29613785/f88e05bb-0fce-4446-8733-fbb9b798b4af/SD.mp4,https://video.trainerize.com/videos/29613785/f88e05bb-0fce-4446-8733-fbb9b798b4af/HLS.m3u8,https://video.trainerize.com/videos/29613785/f88e05bb-0fce-4446-8733-fbb9b798b4af/HD-00001.jpg
7490532,"PFM kick tucks",awss3,https://video.trainerize.com/videos/29611009/95e4b016-92a3-44ab-8d99-28a828579f4d/HD.mp4,https://video.trainerize.com/videos/29611009/95e4b016-92a3-44ab-8d99-28a828579f4d/SD.mp4,https://video.trainerize.com/videos/29611009/95e4b016-92a3-44ab-8d99-28a828579f4d/HLS.m3u8,https://video.trainerize.com/videos/29611009/95e4b016-92a3-44ab-8d99-28a828579f4d/HD-00001.jpg
7490498,"PFM progression table top knee taps",awss3,https://video.trainerize.com/videos/29610818/5f3d7415-fb3f-4b3b-9867-bc9424deab84/HD.mp4,https://video.trainerize.com/videos/29610818/5f3d7415-fb3f-4b3b-9867-bc9424deab84/SD.mp4,https://video.trainerize.com/videos/29610818/5f3d7415-fb3f-4b3b-9867-bc9424deab84/HLS.m3u8,https://video.trainerize.com/videos/29610818/5f3d7415-fb3f-4b3b-9867-bc9424deab84/HD-00001.jpg
7490502,"PFM slow mo mountain climbers",awss3,https://video.trainerize.com/videos/29610837/709e88e1-77e3-4fdb-88d0-572fe66854b2/HD.mp4,https://video.trainerize.com/videos/29610837/709e88e1-77e3-4fdb-88d0-572fe66854b2/SD.mp4,https://video.trainerize.com/videos/29610837/709e88e1-77e3-4fdb-88d0-572fe66854b2/HLS.m3u8,https://video.trainerize.com/videos/29610837/709e88e1-77e3-4fdb-88d0-572fe66854b2/HD-00001.jpg
7488550,"PFM table top knee taps",awss3,https://video.trainerize.com/videos/29596186/ac1c7ec0-62be-48d8-bd75-2a276ed5586f/HD.mp4,https://video.trainerize.com/videos/29596186/ac1c7ec0-62be-48d8-bd75-2a276ed5586f/SD.mp4,https://video.trainerize.com/videos/29596186/ac1c7ec0-62be-48d8-bd75-2a276ed5586f/HLS.m3u8,https://video.trainerize.com/videos/29596186/ac1c7ec0-62be-48d8-bd75-2a276ed5586f/HD-00001.jpg
7364236,"PFM wall activation",awss3,https://video.trainerize.com/videos/27981750/782033e6-16fb-4338-941b-5b133d1b71a7/HD.mp4,https://video.trainerize.com/videos/27981750/782033e6-16fb-4338-941b-5b133d1b71a7/SD.mp4,https://video.trainerize.com/videos/27981750/782033e6-16fb-4338-941b-5b133d1b71a7/HLS.m3u8,https://video.trainerize.com/videos/27981750/782033e6-16fb-4338-941b-5b133d1b71a7/HD-00001.jpg
7230475,"Pilates crunch w/ alt leg raises",awss3,https://video.trainerize.com/videos/26191568/8985af08-4df7-4701-8a22-c77a3b425783/HD.mp4,https://video.trainerize.com/videos/26191568/8985af08-4df7-4701-8a22-c77a3b425783/SD.mp4,https://video.trainerize.com/videos/26191568/8985af08-4df7-4701-8a22-c77a3b425783/HLS.m3u8,https://video.trainerize.com/videos/26191568/8985af08-4df7-4701-8a22-c77a3b425783/HD-00001.jpg
7231694,"Pilates crunch with bent knee adduction",awss3,https://video.trainerize.com/videos/26198553/b6a898e8-98be-49c5-89ae-2215fd5a5509/HD.mp4,https://video.trainerize.com/videos/26198553/b6a898e8-98be-49c5-89ae-2215fd5a5509/SD.mp4,https://video.trainerize.com/videos/26198553/b6a898e8-98be-49c5-89ae-2215fd5a5509/HLS.m3u8,https://video.trainerize.com/videos/26198553/b6a898e8-98be-49c5-89ae-2215fd5a5509/HD-00001.jpg
7231575,"Pilates low leg circles",awss3,https://video.trainerize.com/videos/26197852/12a3aae2-b95f-4174-b906-45bfc5292266/HD.mp4,https://video.trainerize.com/videos/26197852/12a3aae2-b95f-4174-b906-45bfc5292266/SD.mp4,https://video.trainerize.com/videos/26197852/12a3aae2-b95f-4174-b906-45bfc5292266/HLS.m3u8,https://video.trainerize.com/videos/26197852/12a3aae2-b95f-4174-b906-45bfc5292266/HD-00001.jpg
7231503,"Pilates V towel holds lower leg raises",awss3,https://video.trainerize.com/videos/26197494/a1db2890-ae96-41b5-b218-8f148797992d/HD.mp4,https://video.trainerize.com/videos/26197494/a1db2890-ae96-41b5-b218-8f148797992d/SD.mp4,https://video.trainerize.com/videos/26197494/a1db2890-ae96-41b5-b218-8f148797992d/HLS.m3u8,https://video.trainerize.com/videos/26197494/a1db2890-ae96-41b5-b218-8f148797992d/HD-00001.jpg
6393914,"Plank jacks w/ plank hold",awss3,https://video.trainerize.com/videos/17399869/36d86122-9c67-4dd3-a235-f9e36197a853/HD.mp4,https://video.trainerize.com/videos/17399869/36d86122-9c67-4dd3-a235-f9e36197a853/SD.mp4,https://video.trainerize.com/videos/17399869/36d86122-9c67-4dd3-a235-f9e36197a853/HLS.m3u8,https://video.trainerize.com/videos/17399869/36d86122-9c67-4dd3-a235-f9e36197a853/HD-00001.jpg
6518772,"Plank pushes",awss3,https://video.trainerize.com/videos/18576518/11ebd2cc-2d15-4aa8-a590-aaf9f90cc286/HD.mp4,https://video.trainerize.com/videos/18576518/11ebd2cc-2d15-4aa8-a590-aaf9f90cc286/SD.mp4,https://video.trainerize.com/videos/18576518/11ebd2cc-2d15-4aa8-a590-aaf9f90cc286/HLS.m3u8,https://video.trainerize.com/videos/18576518/11ebd2cc-2d15-4aa8-a590-aaf9f90cc286/HD-00001.jpg
7363913,"Plank with DB roll",awss3,https://video.trainerize.com/videos/27979018/ff393621-bacc-4136-94be-7b7964011bbf/HD.mp4,https://video.trainerize.com/videos/27979018/ff393621-bacc-4136-94be-7b7964011bbf/SD.mp4,https://video.trainerize.com/videos/27979018/ff393621-bacc-4136-94be-7b7964011bbf/HLS.m3u8,https://video.trainerize.com/videos/27979018/ff393621-bacc-4136-94be-7b7964011bbf/HD-00001.jpg
6393871,"Plate alt mt climbers",awss3,https://video.trainerize.com/videos/17399615/ac8057fd-b334-4274-ae1e-4dee22221820/HD.mp4,https://video.trainerize.com/videos/17399615/ac8057fd-b334-4274-ae1e-4dee22221820/SD.mp4,https://video.trainerize.com/videos/17399615/ac8057fd-b334-4274-ae1e-4dee22221820/HLS.m3u8,https://video.trainerize.com/videos/17399615/ac8057fd-b334-4274-ae1e-4dee22221820/HD-00001.jpg
5504085,"Plate bicep curls",awss3,https://video.trainerize.com/videos/10629487/5b244ed1-6e2e-4b4f-9bc7-ad41c31636a0/HD.mp4,https://video.trainerize.com/videos/10629487/5b244ed1-6e2e-4b4f-9bc7-ad41c31636a0/SD.mp4,https://video.trainerize.com/videos/10629487/5b244ed1-6e2e-4b4f-9bc7-ad41c31636a0/HLS.m3u8,https://video.trainerize.com/videos/10629487/5b244ed1-6e2e-4b4f-9bc7-ad41c31636a0/HD-00001.jpg
6393745,"Plate glute reverse lunges slides",awss3,https://video.trainerize.com/videos/17398417/9c830032-5fd7-4f6c-9c9d-88c187f4d6b4/HD.mp4,https://video.trainerize.com/videos/17398417/9c830032-5fd7-4f6c-9c9d-88c187f4d6b4/SD.mp4,https://video.trainerize.com/videos/17398417/9c830032-5fd7-4f6c-9c9d-88c187f4d6b4/HLS.m3u8,https://video.trainerize.com/videos/17398417/9c830032-5fd7-4f6c-9c9d-88c187f4d6b4/HD-00001.jpg
5511035,"Plate hanging lateral raise",awss3,https://video.trainerize.com/videos/10683317/c894af71-227e-4283-864a-59a2389b261d/HD.mp4,https://video.trainerize.com/videos/10683317/c894af71-227e-4283-864a-59a2389b261d/SD.mp4,https://video.trainerize.com/videos/10683317/c894af71-227e-4283-864a-59a2389b261d/HLS.m3u8,https://video.trainerize.com/videos/10683317/c894af71-227e-4283-864a-59a2389b261d/HD-00001.jpg
6394072,"Plate SL glute slides",awss3,https://video.trainerize.com/videos/17401264/9e9bbdc8-2a60-4ad8-b63e-f536dcc196c0/HD.mp4,https://video.trainerize.com/videos/17401264/9e9bbdc8-2a60-4ad8-b63e-f536dcc196c0/SD.mp4,https://video.trainerize.com/videos/17401264/9e9bbdc8-2a60-4ad8-b63e-f536dcc196c0/HLS.m3u8,https://video.trainerize.com/videos/17401264/9e9bbdc8-2a60-4ad8-b63e-f536dcc196c0/HD-00001.jpg
6393736,"Plate slide reverse lunges",awss3,https://video.trainerize.com/videos/17398318/0f26914b-b9f6-4897-ac20-d6668105fac1/HD.mp4,https://video.trainerize.com/videos/17398318/0f26914b-b9f6-4897-ac20-d6668105fac1/SD.mp4,https://video.trainerize.com/videos/17398318/0f26914b-b9f6-4897-ac20-d6668105fac1/HLS.m3u8,https://video.trainerize.com/videos/17398318/0f26914b-b9f6-4897-ac20-d6668105fac1/HD-00001.jpg
5395019,"Power squat",awss3,https://video.trainerize.com/videos/9662614/dac1c6f6-d3d1-4c77-a150-525636ee60c9/HD.mp4,https://video.trainerize.com/videos/9662614/dac1c6f6-d3d1-4c77-a150-525636ee60c9/SD.mp4,https://video.trainerize.com/videos/9662614/dac1c6f6-d3d1-4c77-a150-525636ee60c9/HLS.m3u8,https://video.trainerize.com/videos/9662614/dac1c6f6-d3d1-4c77-a150-525636ee60c9/HD-00001.jpg
5504008,"Preacher hammer curls",awss3,https://video.trainerize.com/videos/10629002/1d473117-9954-4ef8-a30a-e3b3f09140f6/HD.mp4,https://video.trainerize.com/videos/10629002/1d473117-9954-4ef8-a30a-e3b3f09140f6/SD.mp4,https://video.trainerize.com/videos/10629002/1d473117-9954-4ef8-a30a-e3b3f09140f6/HLS.m3u8,https://video.trainerize.com/videos/10629002/1d473117-9954-4ef8-a30a-e3b3f09140f6/HD-00001.jpg
6518744,"Rainbow kicks",awss3,https://video.trainerize.com/videos/18576364/a86c7404-5bde-4a63-9fdd-ea6858171dec/HD.mp4,https://video.trainerize.com/videos/18576364/a86c7404-5bde-4a63-9fdd-ea6858171dec/SD.mp4,https://video.trainerize.com/videos/18576364/a86c7404-5bde-4a63-9fdd-ea6858171dec/HLS.m3u8,https://video.trainerize.com/videos/18576364/a86c7404-5bde-4a63-9fdd-ea6858171dec/HD-00001.jpg
7230972,"RB kneeling bicep curls",awss3,https://video.trainerize.com/videos/26194352/21dc4d47-db35-4971-be7c-344db78c3407/HD.mp4,https://video.trainerize.com/videos/26194352/21dc4d47-db35-4971-be7c-344db78c3407/SD.mp4,https://video.trainerize.com/videos/26194352/21dc4d47-db35-4971-be7c-344db78c3407/HLS.m3u8,https://video.trainerize.com/videos/26194352/21dc4d47-db35-4971-be7c-344db78c3407/HD-00001.jpg
5486191,"RB lateral frontal raises 2",awss3,https://video.trainerize.com/videos/10457830/e4883541-8524-4b88-b05f-97c3d4f4d69a/HD.mp4,https://video.trainerize.com/videos/10457830/e4883541-8524-4b88-b05f-97c3d4f4d69a/SD.mp4,https://video.trainerize.com/videos/10457830/e4883541-8524-4b88-b05f-97c3d4f4d69a/HLS.m3u8,https://video.trainerize.com/videos/10457830/e4883541-8524-4b88-b05f-97c3d4f4d69a/HD-00001.jpg
6393842,"RB secured bicep curls",awss3,https://video.trainerize.com/videos/17399308/9dc2912e-2e2d-446a-bd7b-998ac2a1b970/HD.mp4,https://video.trainerize.com/videos/17399308/9dc2912e-2e2d-446a-bd7b-998ac2a1b970/SD.mp4,https://video.trainerize.com/videos/17399308/9dc2912e-2e2d-446a-bd7b-998ac2a1b970/HLS.m3u8,https://video.trainerize.com/videos/17399308/9dc2912e-2e2d-446a-bd7b-998ac2a1b970/HD-00001.jpg
7231025,"RB tricep pull downs",awss3,https://video.trainerize.com/videos/26194672/aff03027-d295-4d6b-a572-d2cd8e2b60ad/HD.mp4,https://video.trainerize.com/videos/26194672/aff03027-d295-4d6b-a572-d2cd8e2b60ad/SD.mp4,https://video.trainerize.com/videos/26194672/aff03027-d295-4d6b-a572-d2cd8e2b60ad/HLS.m3u8,https://video.trainerize.com/videos/26194672/aff03027-d295-4d6b-a572-d2cd8e2b60ad/HD-00001.jpg
7230967,"RB tricep supinated pulls in squat",awss3,https://video.trainerize.com/videos/26194338/c5b6353f-2bcb-49bf-aeb0-03c7a6f046a8/HD.mp4,https://video.trainerize.com/videos/26194338/c5b6353f-2bcb-49bf-aeb0-03c7a6f046a8/SD.mp4,https://video.trainerize.com/videos/26194338/c5b6353f-2bcb-49bf-aeb0-03c7a6f046a8/HLS.m3u8,https://video.trainerize.com/videos/26194338/c5b6353f-2bcb-49bf-aeb0-03c7a6f046a8/HD-00001.jpg
5395158,"Resistance band bicep curl 2",awss3,https://video.trainerize.com/videos/9663268/10478589-4906-408b-a1ee-4d090d52d2d3/HD.mp4,https://video.trainerize.com/videos/9663268/10478589-4906-408b-a1ee-4d090d52d2d3/SD.mp4,https://video.trainerize.com/videos/9663268/10478589-4906-408b-a1ee-4d090d52d2d3/HLS.m3u8,https://video.trainerize.com/videos/9663268/10478589-4906-408b-a1ee-4d090d52d2d3/HD-00001.jpg
5395152,"Resistance band chest flies",awss3,https://video.trainerize.com/videos/9663256/567bde51-8503-44f0-a876-68c4fd89899f/HD.mp4,https://video.trainerize.com/videos/9663256/567bde51-8503-44f0-a876-68c4fd89899f/SD.mp4,https://video.trainerize.com/videos/9663256/567bde51-8503-44f0-a876-68c4fd89899f/HLS.m3u8,https://video.trainerize.com/videos/9663256/567bde51-8503-44f0-a876-68c4fd89899f/HD-00001.jpg
5395130,"Resistance band incline row",awss3,https://video.trainerize.com/videos/9663144/ae2cbf34-0406-4a76-9d74-8bf74eb5225b/HD.mp4,https://video.trainerize.com/videos/9663144/ae2cbf34-0406-4a76-9d74-8bf74eb5225b/SD.mp4,https://video.trainerize.com/videos/9663144/ae2cbf34-0406-4a76-9d74-8bf74eb5225b/HLS.m3u8,https://video.trainerize.com/videos/9663144/ae2cbf34-0406-4a76-9d74-8bf74eb5225b/HD-00001.jpg
5396639,"Resistance band lat pull",awss3,https://video.trainerize.com/videos/9675431/adfc4011-1d6e-4c18-997f-0b7c3eb0f1bf/HD.mp4,https://video.trainerize.com/videos/9675431/adfc4011-1d6e-4c18-997f-0b7c3eb0f1bf/SD.mp4,https://video.trainerize.com/videos/9675431/adfc4011-1d6e-4c18-997f-0b7c3eb0f1bf/HLS.m3u8,https://video.trainerize.com/videos/9675431/adfc4011-1d6e-4c18-997f-0b7c3eb0f1bf/HD-00001.jpg
5395180,"Resistance band rows",awss3,https://video.trainerize.com/videos/9663368/f57d3e1e-04a8-4b32-a761-0527d9ab0ef2/HD.mp4,https://video.trainerize.com/videos/9663368/f57d3e1e-04a8-4b32-a761-0527d9ab0ef2/SD.mp4,https://video.trainerize.com/videos/9663368/f57d3e1e-04a8-4b32-a761-0527d9ab0ef2/HLS.m3u8,https://video.trainerize.com/videos/9663368/f57d3e1e-04a8-4b32-a761-0527d9ab0ef2/HD-00001.jpg
5395193,"Resistance band SA /SL curl",awss3,https://video.trainerize.com/videos/9663440/2d3a44db-86b5-478e-8e33-ec53dc269562/HD.mp4,https://video.trainerize.com/videos/9663440/2d3a44db-86b5-478e-8e33-ec53dc269562/SD.mp4,https://video.trainerize.com/videos/9663440/2d3a44db-86b5-478e-8e33-ec53dc269562/HLS.m3u8,https://video.trainerize.com/videos/9663440/2d3a44db-86b5-478e-8e33-ec53dc269562/HD-00001.jpg
5395192,"Resistance band SA curl",awss3,https://video.trainerize.com/videos/9663432/2e28077d-1f60-4589-bb36-31cf37d5fd69/HD.mp4,https://video.trainerize.com/videos/9663432/2e28077d-1f60-4589-bb36-31cf37d5fd69/SD.mp4,https://video.trainerize.com/videos/9663432/2e28077d-1f60-4589-bb36-31cf37d5fd69/HLS.m3u8,https://video.trainerize.com/videos/9663432/2e28077d-1f60-4589-bb36-31cf37d5fd69/HD-00001.jpg
5395175,"Resistance band SA lat pull",awss3,https://video.trainerize.com/videos/9663342/9fa43e49-2748-4f0e-8562-291af672f980/HD.mp4,https://video.trainerize.com/videos/9663342/9fa43e49-2748-4f0e-8562-291af672f980/SD.mp4,https://video.trainerize.com/videos/9663342/9fa43e49-2748-4f0e-8562-291af672f980/HLS.m3u8,https://video.trainerize.com/videos/9663342/9fa43e49-2748-4f0e-8562-291af672f980/HD-00001.jpg
5395194,"Resistance band SA over head tricep ext",awss3,https://video.trainerize.com/videos/9663479/19e9a145-5aad-4e83-a13d-615bce2d83fb/HD.mp4,https://video.trainerize.com/videos/9663479/19e9a145-5aad-4e83-a13d-615bce2d83fb/SD.mp4,https://video.trainerize.com/videos/9663479/19e9a145-5aad-4e83-a13d-615bce2d83fb/HLS.m3u8,https://video.trainerize.com/videos/9663479/19e9a145-5aad-4e83-a13d-615bce2d83fb/HD-00001.jpg
5395138,"Resistance band SA row",awss3,https://video.trainerize.com/videos/9663177/7bde4078-aff8-4bce-9853-15a5dc2994c8/HD.mp4,https://video.trainerize.com/videos/9663177/7bde4078-aff8-4bce-9853-15a5dc2994c8/SD.mp4,https://video.trainerize.com/videos/9663177/7bde4078-aff8-4bce-9853-15a5dc2994c8/HLS.m3u8,https://video.trainerize.com/videos/9663177/7bde4078-aff8-4bce-9853-15a5dc2994c8/HD-00001.jpg
5395183,"Resistance band SA row 2",awss3,https://video.trainerize.com/videos/9663379/5ca77d0f-36f8-49ff-abe6-9cb6b831015d/HD.mp4,https://video.trainerize.com/videos/9663379/5ca77d0f-36f8-49ff-abe6-9cb6b831015d/SD.mp4,https://video.trainerize.com/videos/9663379/5ca77d0f-36f8-49ff-abe6-9cb6b831015d/HLS.m3u8,https://video.trainerize.com/videos/9663379/5ca77d0f-36f8-49ff-abe6-9cb6b831015d/HD-00001.jpg
5395178,"Resistance band scap pulls",awss3,https://video.trainerize.com/videos/9663356/d6a58ab7-6fdd-4637-8f72-dede311f8fe6/HD.mp4,https://video.trainerize.com/videos/9663356/d6a58ab7-6fdd-4637-8f72-dede311f8fe6/SD.mp4,https://video.trainerize.com/videos/9663356/d6a58ab7-6fdd-4637-8f72-dede311f8fe6/HLS.m3u8,https://video.trainerize.com/videos/9663356/d6a58ab7-6fdd-4637-8f72-dede311f8fe6/HD-00001.jpg
5395207,"Resistance band straight arm pull down",awss3,https://video.trainerize.com/videos/9663545/d39627a7-404f-485f-b3fa-cab720dd8c5e/HD.mp4,https://video.trainerize.com/videos/9663545/d39627a7-404f-485f-b3fa-cab720dd8c5e/SD.mp4,https://video.trainerize.com/videos/9663545/d39627a7-404f-485f-b3fa-cab720dd8c5e/HLS.m3u8,https://video.trainerize.com/videos/9663545/d39627a7-404f-485f-b3fa-cab720dd8c5e/HD-00001.jpg
5395143,"Resistance band sup tricep ext",awss3,https://video.trainerize.com/videos/9663221/fc1019ff-37f6-4373-81d3-489422b0d054/HD.mp4,https://video.trainerize.com/videos/9663221/fc1019ff-37f6-4373-81d3-489422b0d054/SD.mp4,https://video.trainerize.com/videos/9663221/fc1019ff-37f6-4373-81d3-489422b0d054/HLS.m3u8,https://video.trainerize.com/videos/9663221/fc1019ff-37f6-4373-81d3-489422b0d054/HD-00001.jpg
5395147,"Resistance band tricep pull downs",awss3,https://video.trainerize.com/videos/9663239/52ce60bc-0cfd-4fb0-9b42-53934b715256/HD.mp4,https://video.trainerize.com/videos/9663239/52ce60bc-0cfd-4fb0-9b42-53934b715256/SD.mp4,https://video.trainerize.com/videos/9663239/52ce60bc-0cfd-4fb0-9b42-53934b715256/HLS.m3u8,https://video.trainerize.com/videos/9663239/52ce60bc-0cfd-4fb0-9b42-53934b715256/HD-00001.jpg
6393978,"Reverse crunch 2",awss3,https://video.trainerize.com/videos/17400328/d7905bcd-5d29-47a7-a297-da6ef733381b/HD.mp4,https://video.trainerize.com/videos/17400328/d7905bcd-5d29-47a7-a297-da6ef733381b/SD.mp4,https://video.trainerize.com/videos/17400328/d7905bcd-5d29-47a7-a297-da6ef733381b/HLS.m3u8,https://video.trainerize.com/videos/17400328/d7905bcd-5d29-47a7-a297-da6ef733381b/HD-00001.jpg
7364495,"Reverse tricep push + reg tricep push",awss3,https://video.trainerize.com/videos/27983633/960410fe-215a-4283-8a49-cf663aeebc7d/HD.mp4,https://video.trainerize.com/videos/27983633/960410fe-215a-4283-8a49-cf663aeebc7d/SD.mp4,https://video.trainerize.com/videos/27983633/960410fe-215a-4283-8a49-cf663aeebc7d/HLS.m3u8,https://video.trainerize.com/videos/27983633/960410fe-215a-4283-8a49-cf663aeebc7d/HD-00001.jpg
5511178,"SA cable cross over row",awss3,https://video.trainerize.com/videos/10684442/6fd1e4d9-d150-4fbe-b112-abe05236cec5/HD.mp4,https://video.trainerize.com/videos/10684442/6fd1e4d9-d150-4fbe-b112-abe05236cec5/SD.mp4,https://video.trainerize.com/videos/10684442/6fd1e4d9-d150-4fbe-b112-abe05236cec5/HLS.m3u8,https://video.trainerize.com/videos/10684442/6fd1e4d9-d150-4fbe-b112-abe05236cec5/HD-00001.jpg
5504007,"SA HAMMER PREACHER CURLS",awss3,https://video.trainerize.com/videos/10628993/1c6e61fd-38d9-4009-997b-57d8087d9204/HD.mp4,https://video.trainerize.com/videos/10628993/1c6e61fd-38d9-4009-997b-57d8087d9204/SD.mp4,https://video.trainerize.com/videos/10628993/1c6e61fd-38d9-4009-997b-57d8087d9204/HLS.m3u8,https://video.trainerize.com/videos/10628993/1c6e61fd-38d9-4009-997b-57d8087d9204/HD-00001.jpg
5486189,"SA SB DB row",awss3,https://video.trainerize.com/videos/10457816/abff33a5-94eb-40f4-ac2d-6d5fda9424f7/HD.mp4,https://video.trainerize.com/videos/10457816/abff33a5-94eb-40f4-ac2d-6d5fda9424f7/SD.mp4,https://video.trainerize.com/videos/10457816/abff33a5-94eb-40f4-ac2d-6d5fda9424f7/HLS.m3u8,https://video.trainerize.com/videos/10457816/abff33a5-94eb-40f4-ac2d-6d5fda9424f7/HD-00001.jpg
5504137,"SA STRAIGHT ARM PULL DOWN",awss3,https://video.trainerize.com/videos/10630769/10db9f73-5885-4dd0-a0b6-cffb4561a9a9/HD.mp4,https://video.trainerize.com/videos/10630769/10db9f73-5885-4dd0-a0b6-cffb4561a9a9/SD.mp4,https://video.trainerize.com/videos/10630769/10db9f73-5885-4dd0-a0b6-cffb4561a9a9/HLS.m3u8,https://video.trainerize.com/videos/10630769/10db9f73-5885-4dd0-a0b6-cffb4561a9a9/HD-00001.jpg
5504063,"SA straight bar frontal raises",awss3,https://video.trainerize.com/videos/10629353/03bfb38d-6137-4208-86af-c7f683827cd9/HD.mp4,https://video.trainerize.com/videos/10629353/03bfb38d-6137-4208-86af-c7f683827cd9/SD.mp4,https://video.trainerize.com/videos/10629353/03bfb38d-6137-4208-86af-c7f683827cd9/HLS.m3u8,https://video.trainerize.com/videos/10629353/03bfb38d-6137-4208-86af-c7f683827cd9/HD-00001.jpg
5504106,"SA sup tricep pull down",awss3,https://video.trainerize.com/videos/10630062/013ea792-b717-46b7-88b9-4e16546daeca/HD.mp4,https://video.trainerize.com/videos/10630062/013ea792-b717-46b7-88b9-4e16546daeca/SD.mp4,https://video.trainerize.com/videos/10630062/013ea792-b717-46b7-88b9-4e16546daeca/HLS.m3u8,https://video.trainerize.com/videos/10630062/013ea792-b717-46b7-88b9-4e16546daeca/HD-00001.jpg
5395122,"SA supinated cable tricep pull",awss3,https://video.trainerize.com/videos/9663114/1c08dab2-c804-491e-b03a-a726364628cc/HD.mp4,https://video.trainerize.com/videos/9663114/1c08dab2-c804-491e-b03a-a726364628cc/SD.mp4,https://video.trainerize.com/videos/9663114/1c08dab2-c804-491e-b03a-a726364628cc/HLS.m3u8,https://video.trainerize.com/videos/9663114/1c08dab2-c804-491e-b03a-a726364628cc/HD-00001.jpg
5504097,"SA tricep overhead ext",awss3,https://video.trainerize.com/videos/10629801/a41ddedd-889d-46d6-b821-8925f25e9aef/HD.mp4,https://video.trainerize.com/videos/10629801/a41ddedd-889d-46d6-b821-8925f25e9aef/SD.mp4,https://video.trainerize.com/videos/10629801/a41ddedd-889d-46d6-b821-8925f25e9aef/HLS.m3u8,https://video.trainerize.com/videos/10629801/a41ddedd-889d-46d6-b821-8925f25e9aef/HD-00001.jpg
5504075,"SA upright row",awss3,https://video.trainerize.com/videos/10629399/2f71c184-e2f5-40aa-afa2-fc2bfcbaa8a1/HD.mp4,https://video.trainerize.com/videos/10629399/2f71c184-e2f5-40aa-afa2-fc2bfcbaa8a1/SD.mp4,https://video.trainerize.com/videos/10629399/2f71c184-e2f5-40aa-afa2-fc2bfcbaa8a1/HLS.m3u8,https://video.trainerize.com/videos/10629399/2f71c184-e2f5-40aa-afa2-fc2bfcbaa8a1/HD-00001.jpg
6393713,"SB alt ab hold",awss3,https://video.trainerize.com/videos/17398070/d1358393-a6bb-43ad-b533-0b2a85f7b505/HD.mp4,https://video.trainerize.com/videos/17398070/d1358393-a6bb-43ad-b533-0b2a85f7b505/SD.mp4,https://video.trainerize.com/videos/17398070/d1358393-a6bb-43ad-b533-0b2a85f7b505/HLS.m3u8,https://video.trainerize.com/videos/17398070/d1358393-a6bb-43ad-b533-0b2a85f7b505/HD-00001.jpg
5395205,"SB alternating lateral/ frontal raises",awss3,https://video.trainerize.com/videos/9663538/01430e13-e30d-4321-9622-4a70fa2c02a1/HD.mp4,https://video.trainerize.com/videos/9663538/01430e13-e30d-4321-9622-4a70fa2c02a1/SD.mp4,https://video.trainerize.com/videos/9663538/01430e13-e30d-4321-9622-4a70fa2c02a1/HLS.m3u8,https://video.trainerize.com/videos/9663538/01430e13-e30d-4321-9622-4a70fa2c02a1/HD-00001.jpg
6518748,"SB bicep curl",awss3,https://video.trainerize.com/videos/18576390/b48ab5f8-3ce9-4ae8-98de-a71e5a50a55f/HD.mp4,https://video.trainerize.com/videos/18576390/b48ab5f8-3ce9-4ae8-98de-a71e5a50a55f/SD.mp4,https://video.trainerize.com/videos/18576390/b48ab5f8-3ce9-4ae8-98de-a71e5a50a55f/HLS.m3u8,https://video.trainerize.com/videos/18576390/b48ab5f8-3ce9-4ae8-98de-a71e5a50a55f/HD-00001.jpg
7363926,"SB bridge with DB crunch",awss3,https://video.trainerize.com/videos/27979186/7e82e94f-4fb7-4a4b-8768-b6f0240ce2dc/HD.mp4,https://video.trainerize.com/videos/27979186/7e82e94f-4fb7-4a4b-8768-b6f0240ce2dc/SD.mp4,https://video.trainerize.com/videos/27979186/7e82e94f-4fb7-4a4b-8768-b6f0240ce2dc/HLS.m3u8,https://video.trainerize.com/videos/27979186/7e82e94f-4fb7-4a4b-8768-b6f0240ce2dc/HD-00001.jpg
5395108,"SB chest flies",awss3,https://video.trainerize.com/videos/9663075/b69ef24f-f42c-41df-b867-ff2a0ee30ed5/HD.mp4,https://video.trainerize.com/videos/9663075/b69ef24f-f42c-41df-b867-ff2a0ee30ed5/SD.mp4,https://video.trainerize.com/videos/9663075/b69ef24f-f42c-41df-b867-ff2a0ee30ed5/HLS.m3u8,https://video.trainerize.com/videos/9663075/b69ef24f-f42c-41df-b867-ff2a0ee30ed5/HD-00001.jpg
5395105,"SB chest press",awss3,https://video.trainerize.com/videos/9663051/20437cae-bc26-4b5b-82bc-285ebd02d2b3/HD.mp4,https://video.trainerize.com/videos/9663051/20437cae-bc26-4b5b-82bc-285ebd02d2b3/SD.mp4,https://video.trainerize.com/videos/9663051/20437cae-bc26-4b5b-82bc-285ebd02d2b3/HLS.m3u8,https://video.trainerize.com/videos/9663051/20437cae-bc26-4b5b-82bc-285ebd02d2b3/HD-00001.jpg
7230702,"SB circles  out , clockwise, counter clockwise",awss3,https://video.trainerize.com/videos/26192924/868e7cc2-f22e-4856-86a6-104ca3fe28a0/HD.mp4,https://video.trainerize.com/videos/26192924/868e7cc2-f22e-4856-86a6-104ca3fe28a0/SD.mp4,https://video.trainerize.com/videos/26192924/868e7cc2-f22e-4856-86a6-104ca3fe28a0/HLS.m3u8,https://video.trainerize.com/videos/26192924/868e7cc2-f22e-4856-86a6-104ca3fe28a0/HD-00001.jpg
6518760,"SB DB narrow squat",awss3,https://video.trainerize.com/videos/18576454/1427294e-8087-4ced-a67a-89f78dda30f3/HD.mp4,https://video.trainerize.com/videos/18576454/1427294e-8087-4ced-a67a-89f78dda30f3/SD.mp4,https://video.trainerize.com/videos/18576454/1427294e-8087-4ced-a67a-89f78dda30f3/HLS.m3u8,https://video.trainerize.com/videos/18576454/1427294e-8087-4ced-a67a-89f78dda30f3/HD-00001.jpg
7363947,"SB froggy 5 sec hold and release",awss3,https://video.trainerize.com/videos/27979305/cb6fc4af-fa0c-4038-b387-5d386dc8b70a/HD.mp4,https://video.trainerize.com/videos/27979305/cb6fc4af-fa0c-4038-b387-5d386dc8b70a/SD.mp4,https://video.trainerize.com/videos/27979305/cb6fc4af-fa0c-4038-b387-5d386dc8b70a/HLS.m3u8,https://video.trainerize.com/videos/27979305/cb6fc4af-fa0c-4038-b387-5d386dc8b70a/HD-00001.jpg
5395112,"SB hammer curl",awss3,https://video.trainerize.com/videos/9663089/a77fca12-e9b1-415c-a477-295244e2aae7/HD.mp4,https://video.trainerize.com/videos/9663089/a77fca12-e9b1-415c-a477-295244e2aae7/SD.mp4,https://video.trainerize.com/videos/9663089/a77fca12-e9b1-415c-a477-295244e2aae7/HLS.m3u8,https://video.trainerize.com/videos/9663089/a77fca12-e9b1-415c-a477-295244e2aae7/HD-00001.jpg
5504066,"SB hamstring rolls with glute raises",awss3,https://video.trainerize.com/videos/10629359/97860d97-d90e-48a5-b07a-6ba0f6332617/HD.mp4,https://video.trainerize.com/videos/10629359/97860d97-d90e-48a5-b07a-6ba0f6332617/SD.mp4,https://video.trainerize.com/videos/10629359/97860d97-d90e-48a5-b07a-6ba0f6332617/HLS.m3u8,https://video.trainerize.com/videos/10629359/97860d97-d90e-48a5-b07a-6ba0f6332617/HD-00001.jpg
6393812,"SB KNEE TUCKS",awss3,https://video.trainerize.com/videos/17399048/19c9d11d-3bc8-4db9-bc31-91b6ecf55039/HD.mp4,https://video.trainerize.com/videos/17399048/19c9d11d-3bc8-4db9-bc31-91b6ecf55039/SD.mp4,https://video.trainerize.com/videos/17399048/19c9d11d-3bc8-4db9-bc31-91b6ecf55039/HLS.m3u8,https://video.trainerize.com/videos/17399048/19c9d11d-3bc8-4db9-bc31-91b6ecf55039/HD-00001.jpg
6518773,"SB lower leg lifts",awss3,https://video.trainerize.com/videos/18576530/22c47bf3-14f6-4b87-b29c-7caddeb56a10/HD.mp4,https://video.trainerize.com/videos/18576530/22c47bf3-14f6-4b87-b29c-7caddeb56a10/SD.mp4,https://video.trainerize.com/videos/18576530/22c47bf3-14f6-4b87-b29c-7caddeb56a10/HLS.m3u8,https://video.trainerize.com/videos/18576530/22c47bf3-14f6-4b87-b29c-7caddeb56a10/HD-00001.jpg
6518735,"SB narrow/ wide glute bridge",awss3,https://video.trainerize.com/videos/18576314/05c1ac2d-2acd-41d9-b774-70aa47c21640/HD.mp4,https://video.trainerize.com/videos/18576314/05c1ac2d-2acd-41d9-b774-70aa47c21640/SD.mp4,https://video.trainerize.com/videos/18576314/05c1ac2d-2acd-41d9-b774-70aa47c21640/HLS.m3u8,https://video.trainerize.com/videos/18576314/05c1ac2d-2acd-41d9-b774-70aa47c21640/HD-00001.jpg
5395116,"SB overhead tricep extension",awss3,https://video.trainerize.com/videos/9663095/ab97e474-5665-44cb-874c-673a0ae59947/HD.mp4,https://video.trainerize.com/videos/9663095/ab97e474-5665-44cb-874c-673a0ae59947/SD.mp4,https://video.trainerize.com/videos/9663095/ab97e474-5665-44cb-874c-673a0ae59947/HLS.m3u8,https://video.trainerize.com/videos/9663095/ab97e474-5665-44cb-874c-673a0ae59947/HD-00001.jpg
7230451,"SB PELVIC CRUNCH w/  3 count release",awss3,https://video.trainerize.com/videos/26191336/444000e7-edbb-4726-b277-33bcbe790307/HD.mp4,https://video.trainerize.com/videos/26191336/444000e7-edbb-4726-b277-33bcbe790307/SD.mp4,https://video.trainerize.com/videos/26191336/444000e7-edbb-4726-b277-33bcbe790307/HLS.m3u8,https://video.trainerize.com/videos/26191336/444000e7-edbb-4726-b277-33bcbe790307/HD-00001.jpg
7230895,"SB plank w/ toe taps",awss3,https://video.trainerize.com/videos/26193947/e51d5ac3-077e-406a-b2a6-ca2f21f4338b/HD.mp4,https://video.trainerize.com/videos/26193947/e51d5ac3-077e-406a-b2a6-ca2f21f4338b/SD.mp4,https://video.trainerize.com/videos/26193947/e51d5ac3-077e-406a-b2a6-ca2f21f4338b/HLS.m3u8,https://video.trainerize.com/videos/26193947/e51d5ac3-077e-406a-b2a6-ca2f21f4338b/HD-00001.jpg
5395106,"SB SA chest fly",awss3,https://video.trainerize.com/videos/9663069/23555e1e-9a2a-4431-9310-cc8682d02ebf/HD.mp4,https://video.trainerize.com/videos/9663069/23555e1e-9a2a-4431-9310-cc8682d02ebf/SD.mp4,https://video.trainerize.com/videos/9663069/23555e1e-9a2a-4431-9310-cc8682d02ebf/HLS.m3u8,https://video.trainerize.com/videos/9663069/23555e1e-9a2a-4431-9310-cc8682d02ebf/HD-00001.jpg
5395119,"SB SA isolated bicep curl",awss3,https://video.trainerize.com/videos/9663103/2716304b-a2aa-4483-a174-9310ff035ba5/HD.mp4,https://video.trainerize.com/videos/9663103/2716304b-a2aa-4483-a174-9310ff035ba5/SD.mp4,https://video.trainerize.com/videos/9663103/2716304b-a2aa-4483-a174-9310ff035ba5/HLS.m3u8,https://video.trainerize.com/videos/9663103/2716304b-a2aa-4483-a174-9310ff035ba5/HD-00001.jpg
5395102,"SB skull crushers",awss3,https://video.trainerize.com/videos/9663038/8d85da48-f126-456a-a3bf-2fb7d858f763/HD.mp4,https://video.trainerize.com/videos/9663038/8d85da48-f126-456a-a3bf-2fb7d858f763/SD.mp4,https://video.trainerize.com/videos/9663038/8d85da48-f126-456a-a3bf-2fb7d858f763/HLS.m3u8,https://video.trainerize.com/videos/9663038/8d85da48-f126-456a-a3bf-2fb7d858f763/HD-00001.jpg
6394089,"SB SL glute lift with knee tuck",awss3,https://video.trainerize.com/videos/17401380/67d6eaaf-59d0-4dd1-b988-0c5e6701431a/HD.mp4,https://video.trainerize.com/videos/17401380/67d6eaaf-59d0-4dd1-b988-0c5e6701431a/SD.mp4,https://video.trainerize.com/videos/17401380/67d6eaaf-59d0-4dd1-b988-0c5e6701431a/HLS.m3u8,https://video.trainerize.com/videos/17401380/67d6eaaf-59d0-4dd1-b988-0c5e6701431a/HD-00001.jpg
6393729,"SB straight DB arm pull overs",awss3,https://video.trainerize.com/videos/17398184/19431b1f-a08b-4cd9-9eb5-73fcf39ed086/HD.mp4,https://video.trainerize.com/videos/17398184/19431b1f-a08b-4cd9-9eb5-73fcf39ed086/SD.mp4,https://video.trainerize.com/videos/17398184/19431b1f-a08b-4cd9-9eb5-73fcf39ed086/HLS.m3u8,https://video.trainerize.com/videos/17398184/19431b1f-a08b-4cd9-9eb5-73fcf39ed086/HD-00001.jpg
7230661,"SB toe rolls",awss3,https://video.trainerize.com/videos/26192643/77235b3d-a0b8-4ae4-8a1d-57fa766abe42/HD.mp4,https://video.trainerize.com/videos/26192643/77235b3d-a0b8-4ae4-8a1d-57fa766abe42/SD.mp4,https://video.trainerize.com/videos/26192643/77235b3d-a0b8-4ae4-8a1d-57fa766abe42/HLS.m3u8,https://video.trainerize.com/videos/26192643/77235b3d-a0b8-4ae4-8a1d-57fa766abe42/HD-00001.jpg
7230786,"SB V holds",awss3,https://video.trainerize.com/videos/26193300/1a2f39e9-45da-4876-9dc4-6eab4abd6bbc/HD.mp4,https://video.trainerize.com/videos/26193300/1a2f39e9-45da-4876-9dc4-6eab4abd6bbc/SD.mp4,https://video.trainerize.com/videos/26193300/1a2f39e9-45da-4876-9dc4-6eab4abd6bbc/HLS.m3u8,https://video.trainerize.com/videos/26193300/1a2f39e9-45da-4876-9dc4-6eab4abd6bbc/HD-00001.jpg
7230681,"SB W",awss3,https://video.trainerize.com/videos/26192830/ab279eac-fd41-42ff-990f-c22c3c16d2a5/HD.mp4,https://video.trainerize.com/videos/26192830/ab279eac-fd41-42ff-990f-c22c3c16d2a5/SD.mp4,https://video.trainerize.com/videos/26192830/ab279eac-fd41-42ff-990f-c22c3c16d2a5/HLS.m3u8,https://video.trainerize.com/videos/26192830/ab279eac-fd41-42ff-990f-c22c3c16d2a5/HD-00001.jpg
6518626,"SB wide DB row",awss3,https://video.trainerize.com/videos/18575552/2e99001b-4e5e-4909-afea-3b8e716b052c/HD.mp4,https://video.trainerize.com/videos/18575552/2e99001b-4e5e-4909-afea-3b8e716b052c/SD.mp4,https://video.trainerize.com/videos/18575552/2e99001b-4e5e-4909-afea-3b8e716b052c/HLS.m3u8,https://video.trainerize.com/videos/18575552/2e99001b-4e5e-4909-afea-3b8e716b052c/HD-00001.jpg
5486194,"Scapula retraction push ups",awss3,https://video.trainerize.com/videos/10457871/0daccb53-c9fe-4cbd-b129-17ad583162e8/HD.mp4,https://video.trainerize.com/videos/10457871/0daccb53-c9fe-4cbd-b129-17ad583162e8/SD.mp4,https://video.trainerize.com/videos/10457871/0daccb53-c9fe-4cbd-b129-17ad583162e8/HLS.m3u8,https://video.trainerize.com/videos/10457871/0daccb53-c9fe-4cbd-b129-17ad583162e8/HD-00001.jpg
5504096,"Shoulder press w/ frontal rotation",awss3,https://video.trainerize.com/videos/10629778/0b20dc5f-9360-40f0-9f6a-3f7d61e6659a/HD.mp4,https://video.trainerize.com/videos/10629778/0b20dc5f-9360-40f0-9f6a-3f7d61e6659a/SD.mp4,https://video.trainerize.com/videos/10629778/0b20dc5f-9360-40f0-9f6a-3f7d61e6659a/HLS.m3u8,https://video.trainerize.com/videos/10629778/0b20dc5f-9360-40f0-9f6a-3f7d61e6659a/HD-00001.jpg
5504089,"Shoulder Y raises/ lateral drop",awss3,https://video.trainerize.com/videos/10629517/f5627368-9c68-4578-9734-032d86966039/HD.mp4,https://video.trainerize.com/videos/10629517/f5627368-9c68-4578-9734-032d86966039/SD.mp4,https://video.trainerize.com/videos/10629517/f5627368-9c68-4578-9734-032d86966039/HLS.m3u8,https://video.trainerize.com/videos/10629517/f5627368-9c68-4578-9734-032d86966039/HD-00001.jpg
7364202,"Side plank abduction kick",awss3,https://video.trainerize.com/videos/27981455/0a9156a5-a3aa-437f-bf30-c01b0d85adf2/HD.mp4,https://video.trainerize.com/videos/27981455/0a9156a5-a3aa-437f-bf30-c01b0d85adf2/SD.mp4,https://video.trainerize.com/videos/27981455/0a9156a5-a3aa-437f-bf30-c01b0d85adf2/HLS.m3u8,https://video.trainerize.com/videos/27981455/0a9156a5-a3aa-437f-bf30-c01b0d85adf2/HD-00001.jpg
6393973,"Side plank knee to elbow 2",awss3,https://video.trainerize.com/videos/17400302/abf3c211-1501-4b07-8652-e58f98d21207/HD.mp4,https://video.trainerize.com/videos/17400302/abf3c211-1501-4b07-8652-e58f98d21207/SD.mp4,https://video.trainerize.com/videos/17400302/abf3c211-1501-4b07-8652-e58f98d21207/HLS.m3u8,https://video.trainerize.com/videos/17400302/abf3c211-1501-4b07-8652-e58f98d21207/HD-00001.jpg
7364212,"Side plank w/ ball/ towel adduction",awss3,https://video.trainerize.com/videos/27981580/d0eefbd7-51f5-4a17-bf0c-a0f2b815e0ba/HD.mp4,https://video.trainerize.com/videos/27981580/d0eefbd7-51f5-4a17-bf0c-a0f2b815e0ba/SD.mp4,https://video.trainerize.com/videos/27981580/d0eefbd7-51f5-4a17-bf0c-a0f2b815e0ba/HLS.m3u8,https://video.trainerize.com/videos/27981580/d0eefbd7-51f5-4a17-bf0c-a0f2b815e0ba/HD-00001.jpg
7364421,"Side plank w/ reverse fly + hold 2",awss3,https://video.trainerize.com/videos/27983122/81b526a2-e9da-4e1a-95c5-82efcf45cd4a/HD.mp4,https://video.trainerize.com/videos/27983122/81b526a2-e9da-4e1a-95c5-82efcf45cd4a/SD.mp4,https://video.trainerize.com/videos/27983122/81b526a2-e9da-4e1a-95c5-82efcf45cd4a/HLS.m3u8,https://video.trainerize.com/videos/27983122/81b526a2-e9da-4e1a-95c5-82efcf45cd4a/HD-00001.jpg
5510999,"Side plank with knee tuck",awss3,https://video.trainerize.com/videos/10683116/55f2db87-3049-4109-a583-5a9c12578de1/HD.mp4,https://video.trainerize.com/videos/10683116/55f2db87-3049-4109-a583-5a9c12578de1/SD.mp4,https://video.trainerize.com/videos/10683116/55f2db87-3049-4109-a583-5a9c12578de1/HLS.m3u8,https://video.trainerize.com/videos/10683116/55f2db87-3049-4109-a583-5a9c12578de1/HD-00001.jpg
5510996,"Side plank with knee tuck /hip dip",awss3,https://video.trainerize.com/videos/10683086/7e99fd3c-9093-4345-b3ea-60c49f6ca232/HD.mp4,https://video.trainerize.com/videos/10683086/7e99fd3c-9093-4345-b3ea-60c49f6ca232/SD.mp4,https://video.trainerize.com/videos/10683086/7e99fd3c-9093-4345-b3ea-60c49f6ca232/HLS.m3u8,https://video.trainerize.com/videos/10683086/7e99fd3c-9093-4345-b3ea-60c49f6ca232/HD-00001.jpg
7230901,"Side to side DB lunges",awss3,https://video.trainerize.com/videos/26193981/e37c49fe-60df-4497-900b-765b3e23a5a4/HD.mp4,https://video.trainerize.com/videos/26193981/e37c49fe-60df-4497-900b-765b3e23a5a4/SD.mp4,https://video.trainerize.com/videos/26193981/e37c49fe-60df-4497-900b-765b3e23a5a4/HLS.m3u8,https://video.trainerize.com/videos/26193981/e37c49fe-60df-4497-900b-765b3e23a5a4/HD-00001.jpg
7392232,"Single DB narrow press",awss3,https://video.trainerize.com/videos/28368934/637865c6-70ba-486c-a151-01d78cc8ea9b/HD.mp4,https://video.trainerize.com/videos/28368934/637865c6-70ba-486c-a151-01d78cc8ea9b/SD.mp4,https://video.trainerize.com/videos/28368934/637865c6-70ba-486c-a151-01d78cc8ea9b/HLS.m3u8,https://video.trainerize.com/videos/28368934/637865c6-70ba-486c-a151-01d78cc8ea9b/HD-00001.jpg
5486146,"Ski erg",awss3,https://video.trainerize.com/videos/10457648/e498522a-7083-4082-b537-568653af9a7b/HD.mp4,https://video.trainerize.com/videos/10457648/e498522a-7083-4082-b537-568653af9a7b/SD.mp4,https://video.trainerize.com/videos/10457648/e498522a-7083-4082-b537-568653af9a7b/HLS.m3u8,https://video.trainerize.com/videos/10457648/e498522a-7083-4082-b537-568653af9a7b/HD-00001.jpg
6396343,"Skull crusher glute bridge",awss3,https://video.trainerize.com/videos/17415064/40a975ce-afdc-4904-bf76-b9d49f5a90b5/HD.mp4,https://video.trainerize.com/videos/17415064/40a975ce-afdc-4904-bf76-b9d49f5a90b5/SD.mp4,https://video.trainerize.com/videos/17415064/40a975ce-afdc-4904-bf76-b9d49f5a90b5/HLS.m3u8,https://video.trainerize.com/videos/17415064/40a975ce-afdc-4904-bf76-b9d49f5a90b5/HD-00001.jpg
5504155,"SL cable dead lift",awss3,https://video.trainerize.com/videos/10630837/156bc51d-78f1-46a2-a3b7-63e2c8588487/HD.mp4,https://video.trainerize.com/videos/10630837/156bc51d-78f1-46a2-a3b7-63e2c8588487/SD.mp4,https://video.trainerize.com/videos/10630837/156bc51d-78f1-46a2-a3b7-63e2c8588487/HLS.m3u8,https://video.trainerize.com/videos/10630837/156bc51d-78f1-46a2-a3b7-63e2c8588487/HD-00001.jpg
5395006,"SL cable hamstring curl",awss3,https://video.trainerize.com/videos/9662569/fdbf8f5b-3d43-41d1-9c6a-902199864191/HD.mp4,https://video.trainerize.com/videos/9662569/fdbf8f5b-3d43-41d1-9c6a-902199864191/SD.mp4,https://video.trainerize.com/videos/9662569/fdbf8f5b-3d43-41d1-9c6a-902199864191/HLS.m3u8,https://video.trainerize.com/videos/9662569/fdbf8f5b-3d43-41d1-9c6a-902199864191/HD-00001.jpg
5504160,"SL DB wide RDL into RDL pulse",awss3,https://video.trainerize.com/videos/10630868/2f5673b2-c40f-46c9-be60-8ad44daae877/HD.mp4,https://video.trainerize.com/videos/10630868/2f5673b2-c40f-46c9-be60-8ad44daae877/SD.mp4,https://video.trainerize.com/videos/10630868/2f5673b2-c40f-46c9-be60-8ad44daae877/HLS.m3u8,https://video.trainerize.com/videos/10630868/2f5673b2-c40f-46c9-be60-8ad44daae877/HD-00001.jpg
5504157,"SL hip thrust on bench",awss3,https://video.trainerize.com/videos/10630852/a4ff1ea0-8375-487c-b6ef-172e0e019add/HD.mp4,https://video.trainerize.com/videos/10630852/a4ff1ea0-8375-487c-b6ef-172e0e019add/SD.mp4,https://video.trainerize.com/videos/10630852/a4ff1ea0-8375-487c-b6ef-172e0e019add/HLS.m3u8,https://video.trainerize.com/videos/10630852/a4ff1ea0-8375-487c-b6ef-172e0e019add/HD-00001.jpg
5395085,"SL hip thrusts",awss3,https://video.trainerize.com/videos/9662968/c291ffce-1769-4a29-b26a-62bdd66f905b/HD.mp4,https://video.trainerize.com/videos/9662968/c291ffce-1769-4a29-b26a-62bdd66f905b/SD.mp4,https://video.trainerize.com/videos/9662968/c291ffce-1769-4a29-b26a-62bdd66f905b/HLS.m3u8,https://video.trainerize.com/videos/9662968/c291ffce-1769-4a29-b26a-62bdd66f905b/HD-00001.jpg
6925702,"SL kneeling squat w/ KB press",awss3,https://video.trainerize.com/videos/22670544/42d8b276-bcfc-4a83-9e07-6f733026fd30/HD.mp4,https://video.trainerize.com/videos/22670544/42d8b276-bcfc-4a83-9e07-6f733026fd30/SD.mp4,https://video.trainerize.com/videos/22670544/42d8b276-bcfc-4a83-9e07-6f733026fd30/HLS.m3u8,https://video.trainerize.com/videos/22670544/42d8b276-bcfc-4a83-9e07-6f733026fd30/HD-00001.jpg
6393708,"SL RDL hold w/ DB row",awss3,https://video.trainerize.com/videos/17398037/e389c9e3-71ac-4c18-904c-1633de28ad9c/HD.mp4,https://video.trainerize.com/videos/17398037/e389c9e3-71ac-4c18-904c-1633de28ad9c/SD.mp4,https://video.trainerize.com/videos/17398037/e389c9e3-71ac-4c18-904c-1633de28ad9c/HLS.m3u8,https://video.trainerize.com/videos/17398037/e389c9e3-71ac-4c18-904c-1633de28ad9c/HD-00001.jpg
5504412,"SL SPLIT SQUAT",awss3,https://video.trainerize.com/videos/10632139/1a77ecc4-9969-4fa5-a997-be73feae6e46/HD.mp4,https://video.trainerize.com/videos/10632139/1a77ecc4-9969-4fa5-a997-be73feae6e46/SD.mp4,https://video.trainerize.com/videos/10632139/1a77ecc4-9969-4fa5-a997-be73feae6e46/HLS.m3u8,https://video.trainerize.com/videos/10632139/1a77ecc4-9969-4fa5-a997-be73feae6e46/HD-00001.jpg
6518737,"SL wall bridge",awss3,https://video.trainerize.com/videos/18576332/9ff4cd12-f93e-4494-8c27-942f98305152/HD.mp4,https://video.trainerize.com/videos/18576332/9ff4cd12-f93e-4494-8c27-942f98305152/SD.mp4,https://video.trainerize.com/videos/18576332/9ff4cd12-f93e-4494-8c27-942f98305152/HLS.m3u8,https://video.trainerize.com/videos/18576332/9ff4cd12-f93e-4494-8c27-942f98305152/HD-00001.jpg
5504162,"Smith machine BW row",awss3,https://video.trainerize.com/videos/10630877/a82c52ad-5335-4a08-8d97-6ef754b6bb52/HD.mp4,https://video.trainerize.com/videos/10630877/a82c52ad-5335-4a08-8d97-6ef754b6bb52/SD.mp4,https://video.trainerize.com/videos/10630877/a82c52ad-5335-4a08-8d97-6ef754b6bb52/HLS.m3u8,https://video.trainerize.com/videos/10630877/a82c52ad-5335-4a08-8d97-6ef754b6bb52/HD-00001.jpg
5395033,"Smith SL RDL",awss3,https://video.trainerize.com/videos/9662674/9b9225be-f236-4712-b383-4d1fad1a689e/HD.mp4,https://video.trainerize.com/videos/9662674/9b9225be-f236-4712-b383-4d1fad1a689e/SD.mp4,https://video.trainerize.com/videos/9662674/9b9225be-f236-4712-b383-4d1fad1a689e/HLS.m3u8,https://video.trainerize.com/videos/9662674/9b9225be-f236-4712-b383-4d1fad1a689e/HD-00001.jpg
5395031,"Smith split squat",awss3,https://video.trainerize.com/videos/9662660/7c228547-129c-4ed6-a7e5-05cf791a8c4a/HD.mp4,https://video.trainerize.com/videos/9662660/7c228547-129c-4ed6-a7e5-05cf791a8c4a/SD.mp4,https://video.trainerize.com/videos/9662660/7c228547-129c-4ed6-a7e5-05cf791a8c4a/HLS.m3u8,https://video.trainerize.com/videos/9662660/7c228547-129c-4ed6-a7e5-05cf791a8c4a/HD-00001.jpg
5510947,"Smith sumo squat",awss3,https://video.trainerize.com/videos/10682783/4479b7fe-f655-4ff8-b7fc-18dfdc303da6/HD.mp4,https://video.trainerize.com/videos/10682783/4479b7fe-f655-4ff8-b7fc-18dfdc303da6/SD.mp4,https://video.trainerize.com/videos/10682783/4479b7fe-f655-4ff8-b7fc-18dfdc303da6/HLS.m3u8,https://video.trainerize.com/videos/10682783/4479b7fe-f655-4ff8-b7fc-18dfdc303da6/HD-00001.jpg
6393696,"Split squat w/ lateral/ frontal holds",awss3,https://video.trainerize.com/videos/17397937/b0511ca3-8000-41ba-8b25-b1fa53dc741b/HD.mp4,https://video.trainerize.com/videos/17397937/b0511ca3-8000-41ba-8b25-b1fa53dc741b/SD.mp4,https://video.trainerize.com/videos/17397937/b0511ca3-8000-41ba-8b25-b1fa53dc741b/HLS.m3u8,https://video.trainerize.com/videos/17397937/b0511ca3-8000-41ba-8b25-b1fa53dc741b/HD-00001.jpg
5395189,"SQUAT",awss3,https://video.trainerize.com/videos/9663417/d16efab8-7e73-4fae-b354-aa0af2694c1c/HD.mp4,https://video.trainerize.com/videos/9663417/d16efab8-7e73-4fae-b354-aa0af2694c1c/SD.mp4,https://video.trainerize.com/videos/9663417/d16efab8-7e73-4fae-b354-aa0af2694c1c/HLS.m3u8,https://video.trainerize.com/videos/9663417/d16efab8-7e73-4fae-b354-aa0af2694c1c/HD-00001.jpg
7230837,"Squat w/ DB swing into RDL w/ Db swing",awss3,https://video.trainerize.com/videos/26193712/80727cf1-7a16-4d74-a36d-805599c98360/HD.mp4,https://video.trainerize.com/videos/26193712/80727cf1-7a16-4d74-a36d-805599c98360/SD.mp4,https://video.trainerize.com/videos/26193712/80727cf1-7a16-4d74-a36d-805599c98360/HLS.m3u8,https://video.trainerize.com/videos/26193712/80727cf1-7a16-4d74-a36d-805599c98360/HD-00001.jpg
7227542,"Squatting alt Db bicep curl",awss3,https://video.trainerize.com/videos/26162654/aa8e5071-b543-499e-bec7-be50ddc0406b/HD.mp4,https://video.trainerize.com/videos/26162654/aa8e5071-b543-499e-bec7-be50ddc0406b/SD.mp4,https://video.trainerize.com/videos/26162654/aa8e5071-b543-499e-bec7-be50ddc0406b/HLS.m3u8,https://video.trainerize.com/videos/26162654/aa8e5071-b543-499e-bec7-be50ddc0406b/HD-00001.jpg
5503995,"Stair master every other step",awss3,https://video.trainerize.com/videos/10628889/81e2ca68-1dbd-4a0d-a7b1-e36d4753b54f/HD.mp4,https://video.trainerize.com/videos/10628889/81e2ca68-1dbd-4a0d-a7b1-e36d4753b54f/SD.mp4,https://video.trainerize.com/videos/10628889/81e2ca68-1dbd-4a0d-a7b1-e36d4753b54f/HLS.m3u8,https://video.trainerize.com/videos/10628889/81e2ca68-1dbd-4a0d-a7b1-e36d4753b54f/HD-00001.jpg
5503990,"Stair master side walk",awss3,https://video.trainerize.com/videos/10628846/756907c9-179e-4568-ab8e-83b320f6cd21/HD.mp4,https://video.trainerize.com/videos/10628846/756907c9-179e-4568-ab8e-83b320f6cd21/SD.mp4,https://video.trainerize.com/videos/10628846/756907c9-179e-4568-ab8e-83b320f6cd21/HLS.m3u8,https://video.trainerize.com/videos/10628846/756907c9-179e-4568-ab8e-83b320f6cd21/HD-00001.jpg
5503992,"Stair master wide step",awss3,https://video.trainerize.com/videos/10628872/1ccb3503-94b9-436d-8485-cb08cc6e94ae/HD.mp4,https://video.trainerize.com/videos/10628872/1ccb3503-94b9-436d-8485-cb08cc6e94ae/SD.mp4,https://video.trainerize.com/videos/10628872/1ccb3503-94b9-436d-8485-cb08cc6e94ae/HLS.m3u8,https://video.trainerize.com/videos/10628872/1ccb3503-94b9-436d-8485-cb08cc6e94ae/HD-00001.jpg
6393966,"Standing let knee to elbow",awss3,https://video.trainerize.com/videos/17400226/b459238f-7403-4ca8-80fc-cadf4c2f8986/HD.mp4,https://video.trainerize.com/videos/17400226/b459238f-7403-4ca8-80fc-cadf4c2f8986/SD.mp4,https://video.trainerize.com/videos/17400226/b459238f-7403-4ca8-80fc-cadf4c2f8986/HLS.m3u8,https://video.trainerize.com/videos/17400226/b459238f-7403-4ca8-80fc-cadf4c2f8986/HD-00001.jpg
5504415,"Step up slow down",awss3,https://video.trainerize.com/videos/10632149/5f80e29f-b4d8-4e14-b96e-d14f6a41be56/HD.mp4,https://video.trainerize.com/videos/10632149/5f80e29f-b4d8-4e14-b96e-d14f6a41be56/SD.mp4,https://video.trainerize.com/videos/10632149/5f80e29f-b4d8-4e14-b96e-d14f6a41be56/HLS.m3u8,https://video.trainerize.com/videos/10632149/5f80e29f-b4d8-4e14-b96e-d14f6a41be56/HD-00001.jpg
5504061,"Straight bar frontal raises",awss3,https://video.trainerize.com/videos/10629347/23fbfa08-21bb-42b3-b52f-6e7bf544c7e5/HD.mp4,https://video.trainerize.com/videos/10629347/23fbfa08-21bb-42b3-b52f-6e7bf544c7e5/SD.mp4,https://video.trainerize.com/videos/10629347/23fbfa08-21bb-42b3-b52f-6e7bf544c7e5/HLS.m3u8,https://video.trainerize.com/videos/10629347/23fbfa08-21bb-42b3-b52f-6e7bf544c7e5/HD-00001.jpg
5504004,"Straight leg Kickback pulse",awss3,https://video.trainerize.com/videos/10628976/14354e6c-6b97-4a69-bd00-ca1d0b07a513/HD.mp4,https://video.trainerize.com/videos/10628976/14354e6c-6b97-4a69-bd00-ca1d0b07a513/SD.mp4,https://video.trainerize.com/videos/10628976/14354e6c-6b97-4a69-bd00-ca1d0b07a513/HLS.m3u8,https://video.trainerize.com/videos/10628976/14354e6c-6b97-4a69-bd00-ca1d0b07a513/HD-00001.jpg
7230944,"Sumo squat step outs",awss3,https://video.trainerize.com/videos/26194155/5585335a-0f60-494b-bbf8-b7b269fdc76c/HD.mp4,https://video.trainerize.com/videos/26194155/5585335a-0f60-494b-bbf8-b7b269fdc76c/SD.mp4,https://video.trainerize.com/videos/26194155/5585335a-0f60-494b-bbf8-b7b269fdc76c/HLS.m3u8,https://video.trainerize.com/videos/26194155/5585335a-0f60-494b-bbf8-b7b269fdc76c/HD-00001.jpg
7230670,"Super man banded lat pulls",awss3,https://video.trainerize.com/videos/26192734/441e4fbf-7b04-4ea6-95d5-d7a0095eea11/HD.mp4,https://video.trainerize.com/videos/26192734/441e4fbf-7b04-4ea6-95d5-d7a0095eea11/SD.mp4,https://video.trainerize.com/videos/26192734/441e4fbf-7b04-4ea6-95d5-d7a0095eea11/HLS.m3u8,https://video.trainerize.com/videos/26192734/441e4fbf-7b04-4ea6-95d5-d7a0095eea11/HD-00001.jpg
7230646,"Super man SB holds",awss3,https://video.trainerize.com/videos/26192566/f9951b72-abbd-4dae-b628-2efdf66619c5/HD.mp4,https://video.trainerize.com/videos/26192566/f9951b72-abbd-4dae-b628-2efdf66619c5/SD.mp4,https://video.trainerize.com/videos/26192566/f9951b72-abbd-4dae-b628-2efdf66619c5/HLS.m3u8,https://video.trainerize.com/videos/26192566/f9951b72-abbd-4dae-b628-2efdf66619c5/HD-00001.jpg
5395037,"Suspended pistol squat",awss3,https://video.trainerize.com/videos/9662691/172d6080-f7fe-45c3-b48e-6067f5773fc2/HD.mp4,https://video.trainerize.com/videos/9662691/172d6080-f7fe-45c3-b48e-6067f5773fc2/SD.mp4,https://video.trainerize.com/videos/9662691/172d6080-f7fe-45c3-b48e-6067f5773fc2/HLS.m3u8,https://video.trainerize.com/videos/9662691/172d6080-f7fe-45c3-b48e-6067f5773fc2/HD-00001.jpg
7230925,"Table top shuffle",awss3,https://video.trainerize.com/videos/26194050/a69fed10-dd43-4774-81d0-6b02566a3e34/HD.mp4,https://video.trainerize.com/videos/26194050/a69fed10-dd43-4774-81d0-6b02566a3e34/SD.mp4,https://video.trainerize.com/videos/26194050/a69fed10-dd43-4774-81d0-6b02566a3e34/HLS.m3u8,https://video.trainerize.com/videos/26194050/a69fed10-dd43-4774-81d0-6b02566a3e34/HD-00001.jpg
6918094,"Toe taps cardio",awss3,https://video.trainerize.com/videos/22614556/00ebcd1f-3818-4888-9703-66fd46a063b2/HD.mp4,https://video.trainerize.com/videos/22614556/00ebcd1f-3818-4888-9703-66fd46a063b2/SD.mp4,https://video.trainerize.com/videos/22614556/00ebcd1f-3818-4888-9703-66fd46a063b2/HLS.m3u8,https://video.trainerize.com/videos/22614556/00ebcd1f-3818-4888-9703-66fd46a063b2/HD-00001.jpg
5504099,"Tricep DB overhead ext",awss3,https://video.trainerize.com/videos/10629813/fd666303-d6ef-4aa2-b435-1d477baed4d1/HD.mp4,https://video.trainerize.com/videos/10629813/fd666303-d6ef-4aa2-b435-1d477baed4d1/SD.mp4,https://video.trainerize.com/videos/10629813/fd666303-d6ef-4aa2-b435-1d477baed4d1/HLS.m3u8,https://video.trainerize.com/videos/10629813/fd666303-d6ef-4aa2-b435-1d477baed4d1/HD-00001.jpg
5510983,"Tricep DB overhead ext 2",awss3,https://video.trainerize.com/videos/10683016/cb1a5522-4338-4776-833f-708477c62f7b/HD.mp4,https://video.trainerize.com/videos/10683016/cb1a5522-4338-4776-833f-708477c62f7b/SD.mp4,https://video.trainerize.com/videos/10683016/cb1a5522-4338-4776-833f-708477c62f7b/HLS.m3u8,https://video.trainerize.com/videos/10683016/cb1a5522-4338-4776-833f-708477c62f7b/HD-00001.jpg
7231405,"Tricep kickback 2 rep grip change",awss3,https://video.trainerize.com/videos/26196765/5ce9ce15-f400-4ad5-a944-d5a6226a028f/HD.mp4,https://video.trainerize.com/videos/26196765/5ce9ce15-f400-4ad5-a944-d5a6226a028f/SD.mp4,https://video.trainerize.com/videos/26196765/5ce9ce15-f400-4ad5-a944-d5a6226a028f/HLS.m3u8,https://video.trainerize.com/videos/26196765/5ce9ce15-f400-4ad5-a944-d5a6226a028f/HD-00001.jpg
6396316,"Tricep wall ext w/banded abd hold",awss3,https://video.trainerize.com/videos/17414777/1c80a5b7-7aec-408a-8726-27ca74ae7912/HD.mp4,https://video.trainerize.com/videos/17414777/1c80a5b7-7aec-408a-8726-27ca74ae7912/SD.mp4,https://video.trainerize.com/videos/17414777/1c80a5b7-7aec-408a-8726-27ca74ae7912/HLS.m3u8,https://video.trainerize.com/videos/17414777/1c80a5b7-7aec-408a-8726-27ca74ae7912/HD-00001.jpg
5510990,"TRX bicep curl",awss3,https://video.trainerize.com/videos/10683061/411c4a5e-b477-4eaa-a87f-9c8ae53ad002/HD.mp4,https://video.trainerize.com/videos/10683061/411c4a5e-b477-4eaa-a87f-9c8ae53ad002/SD.mp4,https://video.trainerize.com/videos/10683061/411c4a5e-b477-4eaa-a87f-9c8ae53ad002/HLS.m3u8,https://video.trainerize.com/videos/10683061/411c4a5e-b477-4eaa-a87f-9c8ae53ad002/HD-00001.jpg
6393807,"Upright row w/ banded glute kick hold",awss3,https://video.trainerize.com/videos/17399000/64cf7816-a660-4206-973f-fb2ff6368aba/HD.mp4,https://video.trainerize.com/videos/17399000/64cf7816-a660-4206-973f-fb2ff6368aba/SD.mp4,https://video.trainerize.com/videos/17399000/64cf7816-a660-4206-973f-fb2ff6368aba/HLS.m3u8,https://video.trainerize.com/videos/17399000/64cf7816-a660-4206-973f-fb2ff6368aba/HD-00001.jpg
6518780,"V crunches",awss3,https://video.trainerize.com/videos/18576555/976ef358-44ea-4fc2-846a-bcc3ca3426e3/HD.mp4,https://video.trainerize.com/videos/18576555/976ef358-44ea-4fc2-846a-bcc3ca3426e3/SD.mp4,https://video.trainerize.com/videos/18576555/976ef358-44ea-4fc2-846a-bcc3ca3426e3/HLS.m3u8,https://video.trainerize.com/videos/18576555/976ef358-44ea-4fc2-846a-bcc3ca3426e3/HD-00001.jpg
6518738,"Wall bridge",awss3,https://video.trainerize.com/videos/18576352/14699c30-b544-464e-9273-314bec8e260e/HD.mp4,https://video.trainerize.com/videos/18576352/14699c30-b544-464e-9273-314bec8e260e/SD.mp4,https://video.trainerize.com/videos/18576352/14699c30-b544-464e-9273-314bec8e260e/HLS.m3u8,https://video.trainerize.com/videos/18576352/14699c30-b544-464e-9273-314bec8e260e/HD-00001.jpg
6393799,"Wall hold alt leg plate slides",awss3,https://video.trainerize.com/videos/17398948/7061575a-be73-4900-b55e-b52b80608ee8/HD.mp4,https://video.trainerize.com/videos/17398948/7061575a-be73-4900-b55e-b52b80608ee8/SD.mp4,https://video.trainerize.com/videos/17398948/7061575a-be73-4900-b55e-b52b80608ee8/HLS.m3u8,https://video.trainerize.com/videos/17398948/7061575a-be73-4900-b55e-b52b80608ee8/HD-00001.jpg
7230829,"Weighted airplane wall sit",awss3,https://video.trainerize.com/videos/26193614/864386cb-8f43-4d69-930c-108fde031b70/HD.mp4,https://video.trainerize.com/videos/26193614/864386cb-8f43-4d69-930c-108fde031b70/SD.mp4,https://video.trainerize.com/videos/26193614/864386cb-8f43-4d69-930c-108fde031b70/HLS.m3u8,https://video.trainerize.com/videos/26193614/864386cb-8f43-4d69-930c-108fde031b70/HD-00001.jpg
7231470,"Wide bicep curl into DB press",awss3,https://video.trainerize.com/videos/26197369/fdee5a8c-4938-400a-8bfa-6286aee9efe5/HD.mp4,https://video.trainerize.com/videos/26197369/fdee5a8c-4938-400a-8bfa-6286aee9efe5/SD.mp4,https://video.trainerize.com/videos/26197369/fdee5a8c-4938-400a-8bfa-6286aee9efe5/HLS.m3u8,https://video.trainerize.com/videos/26197369/fdee5a8c-4938-400a-8bfa-6286aee9efe5/HD-00001.jpg
7227536,"Wide bicep curl into neutral press",awss3,https://video.trainerize.com/videos/26162529/3738031c-b1c5-4e2b-ac32-fcc2e216e6d1/HD.mp4,https://video.trainerize.com/videos/26162529/3738031c-b1c5-4e2b-ac32-fcc2e216e6d1/SD.mp4,https://video.trainerize.com/videos/26162529/3738031c-b1c5-4e2b-ac32-fcc2e216e6d1/HLS.m3u8,https://video.trainerize.com/videos/26162529/3738031c-b1c5-4e2b-ac32-fcc2e216e6d1/HD-00001.jpg
5395012,"Wide cable pull through",awss3,https://video.trainerize.com/videos/9662593/efbad066-0f86-4b65-b58d-3dac6a0e5983/HD.mp4,https://video.trainerize.com/videos/9662593/efbad066-0f86-4b65-b58d-3dac6a0e5983/SD.mp4,https://video.trainerize.com/videos/9662593/efbad066-0f86-4b65-b58d-3dac6a0e5983/HLS.m3u8,https://video.trainerize.com/videos/9662593/efbad066-0f86-4b65-b58d-3dac6a0e5983/HD-00001.jpg
7230431,"Wide DB 2/3 squats",awss3,https://video.trainerize.com/videos/26191132/aa8eeaa4-a563-436d-aba6-37bb6519b862/HD.mp4,https://video.trainerize.com/videos/26191132/aa8eeaa4-a563-436d-aba6-37bb6519b862/SD.mp4,https://video.trainerize.com/videos/26191132/aa8eeaa4-a563-436d-aba6-37bb6519b862/HLS.m3u8,https://video.trainerize.com/videos/26191132/aa8eeaa4-a563-436d-aba6-37bb6519b862/HD-00001.jpg
7230418,"WIDE DB RDL",awss3,https://video.trainerize.com/videos/26191035/173314a1-c152-4637-9e8d-f08249fa3403/HD.mp4,https://video.trainerize.com/videos/26191035/173314a1-c152-4637-9e8d-f08249fa3403/SD.mp4,https://video.trainerize.com/videos/26191035/173314a1-c152-4637-9e8d-f08249fa3403/HLS.m3u8,https://video.trainerize.com/videos/26191035/173314a1-c152-4637-9e8d-f08249fa3403/HD-00001.jpg
6097208,"Wide grip table pulls",awss3,https://video.trainerize.com/videos/14525467/265320c1-1de6-4d0b-b633-6c29ba156a16/HD.mp4,https://video.trainerize.com/videos/14525467/265320c1-1de6-4d0b-b633-6c29ba156a16/SD.mp4,https://video.trainerize.com/videos/14525467/265320c1-1de6-4d0b-b633-6c29ba156a16/HLS.m3u8,https://video.trainerize.com/videos/14525467/265320c1-1de6-4d0b-b633-6c29ba156a16/HD-00001.jpg
5504150,"Wide stance cable dead lift",awss3,https://video.trainerize.com/videos/10630817/e658fcaa-621b-43e1-8ea7-906875c5b447/HD.mp4,https://video.trainerize.com/videos/10630817/e658fcaa-621b-43e1-8ea7-906875c5b447/SD.mp4,https://video.trainerize.com/videos/10630817/e658fcaa-621b-43e1-8ea7-906875c5b447/HLS.m3u8,https://video.trainerize.com/videos/10630817/e658fcaa-621b-43e1-8ea7-906875c5b447/HD-00001.jpg
6918071,"Wide stance knee to elbows",awss3,https://video.trainerize.com/videos/22614370/554b20f6-bfdd-4de4-8292-b1f2d4b7e894/HD.mp4,https://video.trainerize.com/videos/22614370/554b20f6-bfdd-4de4-8292-b1f2d4b7e894/SD.mp4,https://video.trainerize.com/videos/22614370/554b20f6-bfdd-4de4-8292-b1f2d4b7e894/HLS.m3u8,https://video.trainerize.com/videos/22614370/554b20f6-bfdd-4de4-8292-b1f2d4b7e894/HD-00001.jpg
7230843,"Wide to narrow jump squats",awss3,https://video.trainerize.com/videos/26193731/cc48256c-b9f1-411a-9b59-2f4c69a2c288/HD.mp4,https://video.trainerize.com/videos/26193731/cc48256c-b9f1-411a-9b59-2f4c69a2c288/SD.mp4,https://video.trainerize.com/videos/26193731/cc48256c-b9f1-411a-9b59-2f4c69a2c288/HLS.m3u8,https://video.trainerize.com/videos/26193731/cc48256c-b9f1-411a-9b59-2f4c69a2c288/HD-00001.jpg
5486145,"Wood chop high to low",awss3,https://video.trainerize.com/videos/10457645/ab269804-09bf-4ec3-b0d3-65261afb2734/HD.mp4,https://video.trainerize.com/videos/10457645/ab269804-09bf-4ec3-b0d3-65261afb2734/SD.mp4,https://video.trainerize.com/videos/10457645/ab269804-09bf-4ec3-b0d3-65261afb2734/HLS.m3u8,https://video.trainerize.com/videos/10457645/ab269804-09bf-4ec3-b0d3-65261afb2734/HD-00001.jpg
5395042,"xx",awss3,https://video.trainerize.com/videos/9751393/482ec9ab-32c9-4b23-b4bb-a90176f89cff/HD.mp4,https://video.trainerize.com/videos/9751393/482ec9ab-32c9-4b23-b4bb-a90176f89cff/SD.mp4,https://video.trainerize.com/videos/9751393/482ec9ab-32c9-4b23-b4bb-a90176f89cff/HLS.m3u8,https://video.trainerize.com/videos/9751393/482ec9ab-32c9-4b23-b4bb-a90176f89cff/HD-00001.jpg
5395060,"xxx",awss3,https://video.trainerize.com/videos/9751404/5fe73b48-1da5-4ce4-8e3a-61d47c7c46ba/HD.mp4,https://video.trainerize.com/videos/9751404/5fe73b48-1da5-4ce4-8e3a-61d47c7c46ba/SD.mp4,https://video.trainerize.com/videos/9751404/5fe73b48-1da5-4ce4-8e3a-61d47c7c46ba/HLS.m3u8,https://video.trainerize.com/videos/9751404/5fe73b48-1da5-4ce4-8e3a-61d47c7c46ba/HD-00001.jpg
5395070,"xxxx",awss3,https://video.trainerize.com/videos/9751410/2f77fb32-7d5e-4ec1-8d2d-4d26d43e7476/HD.mp4,https://video.trainerize.com/videos/9751410/2f77fb32-7d5e-4ec1-8d2d-4d26d43e7476/SD.mp4,https://video.trainerize.com/videos/9751410/2f77fb32-7d5e-4ec1-8d2d-4d26d43e7476/HLS.m3u8,https://video.trainerize.com/videos/9751410/2f77fb32-7d5e-4ec1-8d2d-4d26d43e7476/HD-00001.jpg
